symbol,sector,present,n_obs,first,last,history_years,median_turnover_inr,missing_frac,passes,reason
360ONE.NS,Financial Services,True,1701.0,2019-09-19,2026-07-31,6.86,121182602.27514648,0.0006,False,turnover 12.1cr < 25.0cr
ABB.NS,Capital Goods,True,2862.0,2015-01-01,2026-07-31,11.58,222419473.31381226,0.0,False,turnover 22.2cr < 25.0cr
ABCAPITAL.NS,Financial Services,True,2205.0,2017-09-01,2026-07-31,8.91,425190105.4736481,0.0,True,
ADANIENSOL.NS,Power,True,2718.0,2015-07-31,2026-07-31,11.0,280327636.4170227,0.0,True,
ADANIENT.NS,Metals & Mining,True,2862.0,2015-01-01,2026-07-31,11.58,1758928771.7336426,0.0,True,
ADANIGREEN.NS,Power,True,2008.0,2018-06-18,2026-07-31,8.12,1116240017.6844482,0.0,True,
ADANIPORTS.NS,Services,True,2862.0,2015-01-01,2026-07-31,11.58,1903757797.9777832,0.0,True,
ADANIPOWER.NS,Power,True,2862.0,2015-01-01,2026-07-31,11.58,611696951.4122367,0.0,True,
ALKEM.NS,Healthcare,True,2621.0,2015-12-23,2026-07-31,10.6,271358777.0,0.0004,True,
AMBER.NS,Consumer Durables,True,2102.0,2018-01-30,2026-07-31,8.5,215406564.628479,0.0,False,turnover 21.5cr < 25.0cr
AMBUJACEM.NS,Construction Materials,True,2862.0,2015-01-01,2026-07-31,11.58,853754271.6899261,0.0,True,
ANGELONE.NS,Financial Services,True,1444.0,2020-10-05,2026-07-31,5.82,1115874092.4238586,0.0,True,
APLAPOLLO.NS,Capital Goods,True,2862.0,2015-01-01,2026-07-31,11.58,170914820.3418579,0.0,False,turnover 17.1cr < 25.0cr
APOLLOHOSP.NS,Healthcare,True,2862.0,2015-01-01,2026-07-31,11.58,1336661065.4699707,0.0,True,
ASHOKLEY.NS,Capital Goods,True,2862.0,2015-01-01,2026-07-31,11.58,1618995669.1593018,0.0,True,
ASIANPAINT.NS,Consumer Durables,True,2862.0,2015-01-01,2026-07-31,11.58,2113708958.626709,0.0,True,
ASTRAL.NS,Capital Goods,True,2862.0,2015-01-01,2026-07-31,11.58,240466721.46466064,0.0,False,turnover 24.0cr < 25.0cr
AUBANK.NS,Financial Services,True,2241.0,2017-07-11,2026-07-31,9.05,886602477.7955322,0.0,True,
AUROPHARMA.NS,Healthcare,True,2861.0,2015-01-01,2026-07-31,11.58,1398264590.3018188,0.0003,True,
AXISBANK.NS,Financial Services,True,2862.0,2015-01-01,2026-07-31,11.58,6250993890.075378,0.0,True,
BAJAJ-AUTO.NS,Automobile and Auto Components,True,2862.0,2015-01-01,2026-07-31,11.58,1429391360.2581787,0.0,True,
BAJAJFINSV.NS,Financial Services,True,2862.0,2015-01-01,2026-07-31,11.58,1814456371.125122,0.0,True,
BAJAJHLDNG.NS,Financial Services,True,2862.0,2015-01-01,2026-07-31,11.58,124446308.4375,0.0,False,turnover 12.4cr < 25.0cr
BAJFINANCE.NS,Financial Services,True,2862.0,2015-01-01,2026-07-31,11.58,5211899467.102051,0.0,True,
BANDHANBNK.NS,Financial Services,True,2064.0,2018-03-27,2026-07-31,8.34,1614796970.7703094,0.0,True,
BANKBARODA.NS,Financial Services,True,2862.0,2015-01-01,2026-07-31,11.58,2185366951.4465103,0.0,True,
BANKINDIA.NS,Financial Services,True,2862.0,2015-01-01,2026-07-31,11.58,584762174.7338028,0.0,True,
BDL.NS,Capital Goods,True,2066.0,2018-03-23,2026-07-31,8.36,382925376.9645996,0.0,True,
BEL.NS,Capital Goods,True,2862.0,2015-01-01,2026-07-31,11.58,1140467643.2738228,0.0,True,
BHARATFORG.NS,Automobile and Auto Components,True,2861.0,2015-01-01,2026-07-31,11.58,884957239.9511719,0.0003,True,
BHARTIARTL.NS,Telecommunication,True,2862.0,2015-01-01,2026-07-31,11.58,4041213071.553467,0.0,True,
BHEL.NS,Capital Goods,True,2862.0,2015-01-01,2026-07-31,11.58,1199956339.2144365,0.0,True,
BIOCON.NS,Healthcare,True,2862.0,2015-01-01,2026-07-31,11.58,857573785.514389,0.0,True,
BLUESTARCO.NS,Consumer Durables,True,2862.0,2015-01-01,2026-07-31,11.58,61183756.89935303,0.0,False,turnover 6.1cr < 25.0cr
BOSCHLTD.NS,Automobile and Auto Components,True,2861.0,2015-01-01,2026-07-31,11.58,440626152.5234375,0.0003,True,
BPCL.NS,Oil Gas & Consumable Fuels,True,2862.0,2015-01-01,2026-07-31,11.58,1824859694.8531036,0.0,True,
BRITANNIA.NS,Fast Moving Consumer Goods,True,2862.0,2015-01-01,2026-07-31,11.58,1055166912.5004883,0.0,True,
BSE.NS,Financial Services,True,2347.0,2017-02-03,2026-07-31,9.49,389223380.2194214,0.0,True,
CAMS.NS,Financial Services,True,1444.0,2020-10-05,2026-07-31,5.82,604701168.5293579,0.0,True,
CANBK.NS,Financial Services,True,2862.0,2015-01-01,2026-07-31,11.58,1691451952.1786118,0.0,True,
CDSL.NS,Financial Services,True,2248.0,2017-06-30,2026-07-31,9.08,534918827.75,0.0,True,
CGPOWER.NS,Capital Goods,True,2862.0,2015-01-01,2026-07-31,11.58,322185947.79691124,0.0,True,
CHOLAFIN.NS,Financial Services,True,2862.0,2015-01-01,2026-07-31,11.58,850897387.9497681,0.0,True,
CIPLA.NS,Healthcare,True,2862.0,2015-01-01,2026-07-31,11.58,1457548474.825653,0.0,True,
COALINDIA.NS,Oil Gas & Consumable Fuels,True,2862.0,2015-01-01,2026-07-31,11.58,1607428872.9425812,0.0,True,
COCHINSHIP.NS,Capital Goods,True,2218.0,2017-08-11,2026-07-31,8.97,176119724.86236572,0.0,False,turnover 17.6cr < 25.0cr
COFORGE.NS,Information Technology,True,2862.0,2015-01-01,2026-07-31,11.58,1013902822.9359436,0.0,True,
COLPAL.NS,Fast Moving Consumer Goods,True,2862.0,2015-01-01,2026-07-31,11.58,535993732.4736328,0.0,True,
CONCOR.NS,Services,True,2862.0,2015-01-01,2026-07-31,11.58,571356875.8704529,0.0,True,
CROMPTON.NS,Consumer Durables,True,2528.0,2016-05-13,2026-07-31,10.21,396585933.07022095,0.0,True,
CUMMINSIND.NS,Capital Goods,True,2862.0,2015-01-01,2026-07-31,11.58,519992984.0,0.0,True,
DABUR.NS,Fast Moving Consumer Goods,True,2862.0,2015-01-01,2026-07-31,11.58,782339827.5,0.0,True,
DALBHARAT.NS,Construction Materials,True,1881.0,2018-12-21,2026-07-31,7.61,355888364.02783203,0.0005,True,
DELHIVERY.NS,Services,True,1039.0,2022-05-24,2026-07-31,4.19,650234361.3989258,0.0,False,history 4.2y < 5y
DIVISLAB.NS,Healthcare,True,2861.0,2015-01-01,2026-07-31,11.58,1255486489.0283203,0.0003,True,
DIXON.NS,Consumer Durables,True,2194.0,2017-09-18,2026-07-31,8.87,1019923899.4038086,0.0,True,
DLF.NS,Realty,True,2862.0,2015-01-01,2026-07-31,11.58,1680439466.2705078,0.0,True,
DMART.NS,Consumer Services,True,2317.0,2017-03-21,2026-07-31,9.36,1158301165.2270508,0.0,True,
DRREDDY.NS,Healthcare,True,2862.0,2015-01-01,2026-07-31,11.58,1717302198.5871887,0.0,True,
EICHERMOT.NS,Automobile and Auto Components,True,2862.0,2015-01-01,2026-07-31,11.58,1884936603.500122,0.0,True,
ETERNAL.NS,Consumer Services,True,1245.0,2021-07-23,2026-07-31,5.02,6521233866.101532,0.0,True,
FEDERALBNK.NS,Financial Services,True,2862.0,2015-01-01,2026-07-31,11.58,1143589394.3583145,0.0,True,
FORCEMOT.NS,Automobile and Auto Components,True,1682.0,2019-08-19,2026-07-31,6.95,98380200.04602051,0.0238,False,turnover 9.8cr < 25.0cr; missing 2.4% > 2.0%
FORTIS.NS,Healthcare,True,2862.0,2015-01-01,2026-07-31,11.58,334686021.6503525,0.0,True,
GAIL.NS,Oil Gas & Consumable Fuels,True,2862.0,2015-01-01,2026-07-31,11.58,1302657635.2665176,0.0,True,
GLENMARK.NS,Healthcare,True,2862.0,2015-01-01,2026-07-31,11.58,638576369.166687,0.0,True,
GMRAIRPORT.NS,Services,True,2862.0,2015-01-01,2026-07-31,11.58,413756806.3661747,0.0,True,
GODFRYPHLP.NS,Fast Moving Consumer Goods,True,2862.0,2015-01-01,2026-07-31,11.58,119205731.25759888,0.0,False,turnover 11.9cr < 25.0cr
GODREJCP.NS,Fast Moving Consumer Goods,True,2862.0,2015-01-01,2026-07-31,11.58,729147556.020935,0.0,True,
GODREJPROP.NS,Realty,True,2862.0,2015-01-01,2026-07-31,11.58,496728042.3638611,0.0,True,
GRASIM.NS,Construction Materials,True,2862.0,2015-01-01,2026-07-31,11.58,1157012102.2722168,0.0,True,
GVT&D.NS,Capital Goods,True,2862.0,2015-01-01,2026-07-31,11.58,18486716.485839844,0.0,False,turnover 1.8cr < 25.0cr
HAL.NS,Capital Goods,True,2062.0,2018-04-02,2026-07-31,8.33,1420156237.6757202,0.0,True,
HAVELLS.NS,Consumer Durables,True,2862.0,2015-01-01,2026-07-31,11.58,843029050.2374725,0.0,True,
HCLTECH.NS,Information Technology,True,2862.0,2015-01-01,2026-07-31,11.58,2539647928.074585,0.0,True,
HDFCAMC.NS,Financial Services,True,1973.0,2018-08-06,2026-07-31,7.98,1028124388.6105957,0.0,True,
HDFCBANK.NS,Financial Services,True,2862.0,2015-01-01,2026-07-31,11.58,9097688360.697754,0.0,True,
HDFCLIFE.NS,Financial Services,True,2152.0,2017-11-17,2026-07-31,8.7,1638061095.7262878,0.0,True,
HEROMOTOCO.NS,Automobile and Auto Components,True,2862.0,2015-01-01,2026-07-31,11.58,1741091560.4399414,0.0,True,
HINDALCO.NS,Metals & Mining,True,2862.0,2015-01-01,2026-07-31,11.58,2437137698.6979446,0.0,True,
HINDPETRO.NS,Oil Gas & Consumable Fuels,True,2862.0,2015-01-01,2026-07-31,11.58,1349462570.2065125,0.0,True,
HINDUNILVR.NS,Fast Moving Consumer Goods,True,2862.0,2015-01-01,2026-07-31,11.58,2778460130.2070312,0.0,True,
HINDZINC.NS,Metals & Mining,True,2862.0,2015-01-01,2026-07-31,11.58,295714610.1712036,0.0,True,
HYUNDAI.NS,Automobile and Auto Components,False,,,,,,,,not in clean panel
ICICIBANK.NS,Financial Services,True,2862.0,2015-01-01,2026-07-31,11.58,8920625340.538635,0.0,True,
ICICIGI.NS,Financial Services,True,2187.0,2017-09-27,2026-07-31,8.84,691126725.25,0.0,True,
ICICIPRULI.NS,Financial Services,True,2433.0,2016-09-29,2026-07-31,9.83,652569138.9759521,0.0,True,
IDEA.NS,Telecommunication,True,2862.0,2015-01-01,2026-07-31,11.58,1303890256.0926208,0.0,True,
IDFCFIRSTB.NS,Financial Services,True,2652.0,2015-11-06,2026-07-31,10.73,1059845084.4288177,0.0,True,
IEX.NS,Financial Services,True,2171.0,2017-10-23,2026-07-31,8.77,583997359.920044,0.0,True,
INDHOTEL.NS,Consumer Services,True,2862.0,2015-01-01,2026-07-31,11.58,321967099.1530876,0.0,True,
INDIANB.NS,Financial Services,True,2862.0,2015-01-01,2026-07-31,11.58,345748832.1170769,0.0,True,
INDIGO.NS,Services,True,2649.0,2015-11-10,2026-07-31,10.72,1637890250.220337,0.0004,True,
INDUSINDBK.NS,Financial Services,True,2862.0,2015-01-01,2026-07-31,11.58,3066937008.350464,0.0,True,
INDUSTOWER.NS,Telecommunication,True,2862.0,2015-01-01,2026-07-31,11.58,1037324928.4510193,0.0,True,
INFY.NS,Information Technology,True,2862.0,2015-01-01,2026-07-31,11.58,6920602138.380249,0.0,True,
INOXWIND.NS,Capital Goods,True,2797.0,2015-04-09,2026-07-31,11.31,53984622.80844116,0.0,False,turnover 5.4cr < 25.0cr
IOC.NS,Oil Gas & Consumable Fuels,True,2862.0,2015-01-01,2026-07-31,11.58,1376590272.946888,0.0,True,
IREDA.NS,Financial Services,True,663.0,2023-11-29,2026-07-31,2.67,1550324351.6390991,0.0,False,history 2.7y < 5y
IRFC.NS,Financial Services,True,1363.0,2021-01-29,2026-07-31,5.5,1135024395.800476,0.0,True,
ITC.NS,Fast Moving Consumer Goods,True,2862.0,2015-01-01,2026-07-31,11.58,3570498730.3318634,0.0,True,
JINDALSTEL.NS,Metals & Mining,True,2862.0,2015-01-01,2026-07-31,11.58,1581343975.776291,0.0,True,
JIOFIN.NS,Financial Services,True,730.0,2023-08-21,2026-07-31,2.94,4208537457.413315,0.0,False,history 2.9y < 5y
JSWENERGY.NS,Power,True,2862.0,2015-01-01,2026-07-31,11.58,291211907.83171654,0.0,True,
JSWSTEEL.NS,Metals & Mining,True,2862.0,2015-01-01,2026-07-31,11.58,1513846159.6337585,0.0,True,
JUBLFOOD.NS,Consumer Services,True,2862.0,2015-01-01,2026-07-31,11.58,1137191951.223175,0.0,True,
KALYANKJIL.NS,Consumer Durables,True,1324.0,2021-03-26,2026-07-31,5.35,746005891.1109924,0.0,True,
KAYNES.NS,Capital Goods,True,915.0,2022-11-22,2026-07-31,3.69,1375509553.2226562,0.0,False,history 3.7y < 5y
KEI.NS,Capital Goods,True,2862.0,2015-01-01,2026-07-31,11.58,134966902.5098877,0.0,False,turnover 13.5cr < 25.0cr
KFINTECH.NS,Financial Services,True,888.0,2022-12-29,2026-07-31,3.59,557572152.8568726,0.0,False,history 3.6y < 5y
KOTAKBANK.NS,Financial Services,True,2862.0,2015-01-01,2026-07-31,11.58,4162861739.725113,0.0,True,
KPITTECH.NS,Information Technology,True,1803.0,2019-04-22,2026-07-31,7.27,700086197.9783936,0.0,True,
LAURUSLABS.NS,Healthcare,True,2380.0,2016-12-19,2026-07-31,9.61,559477971.438034,0.0,True,
LICHSGFIN.NS,Financial Services,True,2862.0,2015-01-01,2026-07-31,11.58,959648935.7521362,0.0,True,
LICI.NS,Financial Services,True,1044.0,2022-05-17,2026-07-31,4.21,949585030.7664795,0.0,False,history 4.2y < 5y
LODHA.NS,Realty,True,1311.0,2021-04-19,2026-07-31,5.28,793730472.6987305,0.0,True,
LT.NS,Construction,True,2862.0,2015-01-01,2026-07-31,11.58,3710053938.8749695,0.0,True,
LTF.NS,Financial Services,True,2862.0,2015-01-01,2026-07-31,11.58,716664742.02565,0.0,True,
LTM.NS,Information Technology,True,2480.0,2016-07-21,2026-07-31,10.03,939276854.7573242,0.0,True,
LUPIN.NS,Healthcare,True,2862.0,2015-01-01,2026-07-31,11.58,1450954025.9027405,0.0,True,
M&M.NS,Automobile and Auto Components,True,2862.0,2015-01-01,2026-07-31,11.58,2588095214.5180054,0.0,True,
MANAPPURAM.NS,Financial Services,True,2862.0,2015-01-01,2026-07-31,11.58,634584719.1677094,0.0,True,
MANKIND.NS,Healthcare,True,801.0,2023-05-09,2026-07-31,3.23,877799651.9462891,0.0012,False,history 3.2y < 5y
MARICO.NS,Fast Moving Consumer Goods,True,2862.0,2015-01-01,2026-07-31,11.58,644610666.125,0.0,True,
MARUTI.NS,Automobile and Auto Components,True,2862.0,2015-01-01,2026-07-31,11.58,4477150414.882324,0.0,True,
MAXHEALTH.NS,Healthcare,True,1474.0,2020-08-21,2026-07-31,5.94,1019799242.8544922,0.0,True,
MAZDOCK.NS,Capital Goods,True,1439.0,2020-10-12,2026-07-31,5.8,1776559941.5405273,0.0,True,
MCX.NS,Financial Services,True,2862.0,2015-01-01,2026-07-31,11.58,455021158.59306335,0.0,True,
MFSL.NS,Financial Services,True,2862.0,2015-01-01,2026-07-31,11.58,441133220.7894287,0.0,True,
MOTHERSON.NS,Automobile and Auto Components,True,2862.0,2015-01-01,2026-07-31,11.58,1096585832.6316223,0.0,True,
MOTILALOFS.NS,Financial Services,True,2862.0,2015-01-01,2026-07-31,11.58,93435851.88644409,0.0,False,turnover 9.3cr < 25.0cr
MPHASIS.NS,Information Technology,True,2862.0,2015-01-01,2026-07-31,11.58,498708271.0657959,0.0,True,
MUTHOOTFIN.NS,Financial Services,True,2862.0,2015-01-01,2026-07-31,11.58,590010073.7209473,0.0,True,
NAM-INDIA.NS,Financial Services,True,2161.0,2017-11-06,2026-07-31,8.73,276407442.2839966,0.0,True,
NATIONALUM.NS,Metals & Mining,True,2862.0,2015-01-01,2026-07-31,11.58,673681311.1491356,0.0,True,
NAUKRI.NS,Consumer Services,True,2862.0,2015-01-01,2026-07-31,11.58,817304359.0609741,0.0,True,
NBCC.NS,Construction,True,2862.0,2015-01-01,2026-07-31,11.58,388343302.668869,0.0,True,
NESTLEIND.NS,Fast Moving Consumer Goods,True,2862.0,2015-01-01,2026-07-31,11.58,931288877.4902344,0.0,True,
NHPC.NS,Power,True,2862.0,2015-01-01,2026-07-31,11.58,185012999.63484764,0.0,False,turnover 18.5cr < 25.0cr
NMDC.NS,Metals & Mining,True,2862.0,2015-01-01,2026-07-31,11.58,756811881.9497395,0.0,True,
NTPC.NS,Power,True,2862.0,2015-01-01,2026-07-31,11.58,1553529241.7106514,0.0,True,
NYKAA.NS,Consumer Services,True,1171.0,2021-11-10,2026-07-31,4.72,1038610299.5596161,0.0,False,history 4.7y < 5y
OBEROIRLTY.NS,Realty,True,2861.0,2015-01-01,2026-07-31,11.58,279687377.63687134,0.0003,True,
OFSS.NS,Information Technology,True,2862.0,2015-01-01,2026-07-31,11.58,185093753.015625,0.0,False,turnover 18.5cr < 25.0cr
OIL.NS,Oil Gas & Consumable Fuels,True,2862.0,2015-01-01,2026-07-31,11.58,244403368.06993103,0.0,False,turnover 24.4cr < 25.0cr
ONGC.NS,Oil Gas & Consumable Fuels,True,2862.0,2015-01-01,2026-07-31,11.58,1670034768.6488342,0.0,True,
PAGEIND.NS,Textiles,True,2860.0,2015-01-01,2026-07-31,11.58,614840949.9794922,0.0007,True,
PATANJALI.NS,Fast Moving Consumer Goods,True,2862.0,2015-01-01,2026-07-31,11.58,29393996.28845215,0.0,False,turnover 2.9cr < 25.0cr
PAYTM.NS,Financial Services,True,1165.0,2021-11-18,2026-07-31,4.7,2819711394.6133423,0.0,False,history 4.7y < 5y
PERSISTENT.NS,Information Technology,True,2862.0,2015-01-01,2026-07-31,11.58,272068856.8951416,0.0,True,
PETRONET.NS,Oil Gas & Consumable Fuels,True,2862.0,2015-01-01,2026-07-31,11.58,575399284.4431915,0.0,True,
PFC.NS,Financial Services,True,2862.0,2015-01-01,2026-07-31,11.58,790849129.318016,0.0,True,
PGEL.NS,Consumer Durables,True,2862.0,2015-01-01,2026-07-31,11.58,17152620.09419918,0.0,False,turnover 1.7cr < 25.0cr
PHOENIXLTD.NS,Realty,True,2860.0,2015-01-01,2026-07-31,11.58,113672972.84771729,0.0007,False,turnover 11.4cr < 25.0cr
PIDILITIND.NS,Chemicals,True,2862.0,2015-01-01,2026-07-31,11.58,651032447.6044922,0.0,True,
PIIND.NS,Chemicals,True,2862.0,2015-01-01,2026-07-31,11.58,370050666.3342285,0.0,True,
PNB.NS,Financial Services,True,2862.0,2015-01-01,2026-07-31,11.58,1720907721.0414906,0.0,True,
PNBHOUSING.NS,Financial Services,True,2409.0,2016-11-07,2026-07-31,9.73,258878087.45117188,0.0,True,
POLICYBZR.NS,Financial Services,True,1167.0,2021-11-15,2026-07-31,4.71,1428475565.8795166,0.0009,False,history 4.7y < 5y
POLYCAB.NS,Capital Goods,True,1805.0,2019-04-16,2026-07-31,7.29,988386933.0,0.0,True,
POWERGRID.NS,Power,True,2862.0,2015-01-01,2026-07-31,11.58,1604970159.6025162,0.0,True,
POWERINDIA.NS,Capital Goods,True,1572.0,2020-03-30,2026-07-31,6.34,170655969.5,0.0,False,turnover 17.1cr < 25.0cr
PREMIERENE.NS,Capital Goods,False,,,,,,,,not in clean panel
PRESTIGE.NS,Realty,True,2862.0,2015-01-01,2026-07-31,11.58,144461505.065979,0.0,False,turnover 14.4cr < 25.0cr
RADICO.NS,Fast Moving Consumer Goods,True,2861.0,2015-01-01,2026-07-31,11.58,196069687.0,0.0003,False,turnover 19.6cr < 25.0cr
RBLBANK.NS,Financial Services,True,2452.0,2016-08-31,2026-07-31,9.91,1547700705.1922607,0.0,True,
RECLTD.NS,Financial Services,True,2862.0,2015-01-01,2026-07-31,11.58,865324822.5479622,0.0,True,
RELIANCE.NS,Oil Gas & Consumable Fuels,True,2862.0,2015-01-01,2026-07-31,11.58,11568800041.465942,0.0,True,
RVNL.NS,Construction,True,1808.0,2019-04-11,2026-07-31,7.3,624191654.5598326,0.0,True,
SAIL.NS,Metals & Mining,True,2862.0,2015-01-01,2026-07-31,11.58,1187258382.605793,0.0,True,
SBICARD.NS,Financial Services,True,1582.0,2020-03-16,2026-07-31,6.37,978223287.6643677,0.0,True,
SBILIFE.NS,Financial Services,True,2184.0,2017-10-03,2026-07-31,8.82,1170653709.3914795,0.0,True,
SBIN.NS,Financial Services,True,2862.0,2015-01-01,2026-07-31,11.58,7282335393.953461,0.0,True,
SHREECEM.NS,Construction Materials,True,2862.0,2015-01-01,2026-07-31,11.58,564546108.3671875,0.0,True,
SHRIRAMFIN.NS,Financial Services,True,2862.0,2015-01-01,2026-07-31,11.58,1446166658.3483734,0.0,True,
SIEMENS.NS,Capital Goods,True,2861.0,2015-01-01,2026-07-31,11.58,582675273.8093262,0.0003,True,
SOLARINDS.NS,Chemicals,True,2861.0,2015-01-01,2026-07-31,11.58,37804582.63183594,0.0003,False,turnover 3.8cr < 25.0cr
SONACOMS.NS,Automobile and Auto Components,True,1265.0,2021-06-24,2026-07-31,5.1,810877656.5,0.0,True,
SRF.NS,Chemicals,True,2862.0,2015-01-01,2026-07-31,11.58,778717362.8304749,0.0,True,
SUNPHARMA.NS,Healthcare,True,2862.0,2015-01-01,2026-07-31,11.58,2700723147.5,0.0,True,
SUPREMEIND.NS,Capital Goods,True,2862.0,2015-01-01,2026-07-31,11.58,112468369.93582153,0.0,False,turnover 11.2cr < 25.0cr
SUZLON.NS,Capital Goods,True,2862.0,2015-01-01,2026-07-31,11.58,501094322.22328377,0.0,True,
SWIGGY.NS,Consumer Services,False,,,,,,,,not in clean panel
TATACONSUM.NS,Fast Moving Consumer Goods,True,2862.0,2015-01-01,2026-07-31,11.58,932425434.875,0.0,True,
TATAELXSI.NS,Information Technology,True,2862.0,2015-01-01,2026-07-31,11.58,764674595.3670654,0.0,True,
TATAPOWER.NS,Power,True,2862.0,2015-01-01,2026-07-31,11.58,1187780661.453209,0.0,True,
TATASTEEL.NS,Metals & Mining,True,2862.0,2015-01-01,2026-07-31,11.58,4258512088.5073013,0.0,True,
TCS.NS,Information Technology,True,2862.0,2015-01-01,2026-07-31,11.58,5831413642.487061,0.0,True,
TECHM.NS,Information Technology,True,2862.0,2015-01-01,2026-07-31,11.58,2123468220.9973755,0.0,True,
TIINDIA.NS,Automobile and Auto Components,True,2163.0,2017-11-02,2026-07-31,8.74,274966968.8847656,0.0,True,
TITAN.NS,Consumer Durables,True,2862.0,2015-01-01,2026-07-31,11.58,2173696729.076416,0.0,True,
TMPV.NS,Automobile and Auto Components,True,2862.0,2015-01-01,2026-07-31,11.58,4960422726.132973,0.0,True,
TORNTPHARM.NS,Healthcare,True,2862.0,2015-01-01,2026-07-31,11.58,426517618.78704834,0.0,True,
TRENT.NS,Consumer Services,True,2862.0,2015-01-01,2026-07-31,11.58,347173121.78027344,0.0,True,
TVSMOTOR.NS,Automobile and Auto Components,True,2862.0,2015-01-01,2026-07-31,11.58,946456467.6101074,0.0,True,
ULTRACEMCO.NS,Construction Materials,True,2862.0,2015-01-01,2026-07-31,11.58,1862389089.1530762,0.0,True,
UNIONBANK.NS,Financial Services,True,2862.0,2015-01-01,2026-07-31,11.58,671336963.1580505,0.0,True,
UNITDSPR.NS,Fast Moving Consumer Goods,True,2862.0,2015-01-01,2026-07-31,11.58,920537364.6740417,0.0,True,
UNOMINDA.NS,Automobile and Auto Components,True,2862.0,2015-01-01,2026-07-31,11.58,108867341.48810577,0.0,False,turnover 10.9cr < 25.0cr
UPL.NS,Chemicals,True,2862.0,2015-01-01,2026-07-31,11.58,1282376745.8919067,0.0,True,
VBL.NS,Fast Moving Consumer Goods,True,2408.0,2016-11-08,2026-07-31,9.72,424440784.4122009,0.0,True,
VEDL.NS,Metals & Mining,True,2862.0,2015-01-01,2026-07-31,11.58,2643506031.7632294,0.0,True,
VMM.NS,Consumer Services,False,,,,,,,,not in clean panel
VOLTAS.NS,Consumer Durables,True,2862.0,2015-01-01,2026-07-31,11.58,878024172.1187134,0.0,True,
WAAREEENER.NS,Capital Goods,False,,,,,,,,not in clean panel
WIPRO.NS,Information Technology,True,2862.0,2015-01-01,2026-07-31,11.58,1634846994.5219803,0.0,True,
YESBANK.NS,Financial Services,True,2862.0,2015-01-01,2026-07-31,11.58,2486243825.3855896,0.0,True,
ZYDUSLIFE.NS,Healthcare,True,2862.0,2015-01-01,2026-07-31,11.58,560798999.676178,0.0,True,
