check,severity,symbol,date,detail,value,n_affected
zero_volume,INFO,ABCAPITAL.NS,,5 bar(s) with zero volume (0.23% of the series). A single one is usually a halt; a large fraction means the name was not reliably tradeable.,,5
zero_volume,INFO,ADANIENSOL.NS,,6 bar(s) with zero volume (0.22% of the series). A single one is usually a halt; a large fraction means the name was not reliably tradeable.,,6
extreme_move,INFO,ADANIENSOL.NS,2023-01-27,"-20.0% single-day move with no corporate action reported nearby. 12% of the universe also moved more than 5% that day, so this is a market-wide move rather than a name-specific one.",-0.20000001939355572,1
zero_volume,INFO,ADANIENT.NS,,5 bar(s) with zero volume (0.17% of the series). A single one is usually a halt; a large fraction means the name was not reliably tradeable.,,5
extreme_move,WARN,ADANIENT.NS,2015-06-03,"-38.7% single-day move with no corporate action reported nearby. Isolated --- only 10% of the universe moved more than 5% that day, which makes a name-specific event or a bad print more likely.",-0.38749254339210526,1
extreme_move,WARN,ADANIENT.NS,2017-04-26,"-20.9% single-day move with no corporate action reported nearby. Isolated --- only 2% of the universe moved more than 5% that day, which makes a name-specific event or a bad print more likely.",-0.20940316946730997,1
extreme_move,WARN,ADANIENT.NS,2018-09-06,"+20.9% single-day move with no corporate action reported nearby. Isolated --- only 5% of the universe moved more than 5% that day, which makes a name-specific event or a bad print more likely.",0.20945702269044664,1
extreme_move,INFO,ADANIENT.NS,2019-05-20,"+27.4% single-day move with no corporate action reported nearby. 36% of the universe also moved more than 5% that day, so this is a market-wide move rather than a name-specific one.",0.2736797406645439,1
extreme_move,WARN,ADANIENT.NS,2020-08-25,"+23.7% single-day move with no corporate action reported nearby. Isolated --- only 3% of the universe moved more than 5% that day, which makes a name-specific event or a bad print more likely.",0.23663044457927374,1
extreme_move,INFO,ADANIENT.NS,2023-02-01,"-28.2% single-day move with no corporate action reported nearby. 12% of the universe also moved more than 5% that day, so this is a market-wide move rather than a name-specific one.",-0.28196974754484283,1
extreme_move,WARN,ADANIENT.NS,2023-02-02,"-26.7% single-day move with no corporate action reported nearby. Isolated --- only 5% of the universe moved more than 5% that day, which makes a name-specific event or a bad print more likely.",-0.26698202710739993,1
extreme_move,WARN,ADANIENT.NS,2023-02-08,"+20.0% single-day move with no corporate action reported nearby. Isolated --- only 4% of the universe moved more than 5% that day, which makes a name-specific event or a bad print more likely.",0.20039383156104162,1
extreme_move,WARN,ADANIENT.NS,2024-11-21,"-22.6% single-day move with no corporate action reported nearby. Isolated --- only 4% of the universe moved more than 5% that day, which makes a name-specific event or a bad print more likely.",-0.22606772910021267,1
zero_volume,INFO,ADANIGREEN.NS,,5 bar(s) with zero volume (0.25% of the series). A single one is usually a halt; a large fraction means the name was not reliably tradeable.,,5
extreme_move,WARN,ADANIGREEN.NS,2024-11-29,"+21.8% single-day move with no corporate action reported nearby. Isolated --- only 1% of the universe moved more than 5% that day, which makes a name-specific event or a bad print more likely.",0.21771530893379132,1
zero_volume,INFO,ADANIPORTS.NS,,6 bar(s) with zero volume (0.21% of the series). A single one is usually a halt; a large fraction means the name was not reliably tradeable.,,6
extreme_move,INFO,ADANIPORTS.NS,2024-06-04,"-21.1% single-day move with no corporate action reported nearby. 58% of the universe also moved more than 5% that day, so this is a market-wide move rather than a name-specific one.",-0.21149658153791562,1
zero_volume,INFO,ADANIPOWER.NS,,5 bar(s) with zero volume (0.17% of the series). A single one is usually a halt; a large fraction means the name was not reliably tradeable.,,5
extreme_move,INFO,ADANIPOWER.NS,2018-10-10,"+25.3% single-day move with no corporate action reported nearby. 26% of the universe also moved more than 5% that day, so this is a market-wide move rather than a name-specific one.",0.2526096133159217,1
extreme_move,INFO,ADANIPOWER.NS,2020-03-12,"-26.5% single-day move with no corporate action reported nearby. 85% of the universe also moved more than 5% that day, so this is a market-wide move rather than a name-specific one.",-0.26456309331217354,1
zero_volume,INFO,ALKEM.NS,,4 bar(s) with zero volume (0.15% of the series). A single one is usually a halt; a large fraction means the name was not reliably tradeable.,,4
zero_volume,INFO,AMBUJACEM.NS,,5 bar(s) with zero volume (0.17% of the series). A single one is usually a halt; a large fraction means the name was not reliably tradeable.,,5
zero_volume,INFO,ANGELONE.NS,,6 bar(s) with zero volume (0.42% of the series). A single one is usually a halt; a large fraction means the name was not reliably tradeable.,,6
extreme_move,WARN,ANGELONE.NS,2020-10-27,"+20.0% single-day move with no corporate action reported nearby. Isolated --- only 6% of the universe moved more than 5% that day, which makes a name-specific event or a bad print more likely.",0.2000000153354664,1
zero_volume,INFO,APOLLOHOSP.NS,,5 bar(s) with zero volume (0.17% of the series). A single one is usually a halt; a large fraction means the name was not reliably tradeable.,,5
zero_volume,INFO,ASHOKLEY.NS,,5 bar(s) with zero volume (0.17% of the series). A single one is usually a halt; a large fraction means the name was not reliably tradeable.,,5
extreme_move,WARN,ASHOKLEY.NS,2020-03-19,"-25.2% single-day move; nearest corporate action 2020-03-19 (dividend 0.25, split 0.00), 0 session(s) away. Yahoo pre-adjusts NSE splits, so a move this large next to a reported action suggests the adjustment was applied on the wrong date or not at all. 39% of the universe also moved more than 5% that day, so this is a market-wide move rather than a name-specific one.",-0.2521400896955557,1
extreme_move,INFO,ASHOKLEY.NS,2020-03-26,"+24.4% single-day move with no corporate action reported nearby. 42% of the universe also moved more than 5% that day, so this is a market-wide move rather than a name-specific one.",0.2438315682192429,1
zero_volume,INFO,ASIANPAINT.NS,,5 bar(s) with zero volume (0.17% of the series). A single one is usually a halt; a large fraction means the name was not reliably tradeable.,,5
zero_volume,INFO,AUBANK.NS,,5 bar(s) with zero volume (0.22% of the series). A single one is usually a halt; a large fraction means the name was not reliably tradeable.,,5
zero_volume,INFO,AUROPHARMA.NS,,4 bar(s) with zero volume (0.14% of the series). A single one is usually a halt; a large fraction means the name was not reliably tradeable.,,4
extreme_move,WARN,AUROPHARMA.NS,2020-02-19,"+20.3% single-day move; nearest corporate action 2020-02-17 (dividend 1.75, split 0.00), 2 session(s) away. Yahoo pre-adjusts NSE splits, so a move this large next to a reported action suggests the adjustment was applied on the wrong date or not at all. Isolated --- only 6% of the universe moved more than 5% that day, which makes a name-specific event or a bad print more likely.",0.20273777563322604,1
zero_volume,INFO,AXISBANK.NS,,5 bar(s) with zero volume (0.17% of the series). A single one is usually a halt; a large fraction means the name was not reliably tradeable.,,5
extreme_move,INFO,AXISBANK.NS,2020-03-23,"-27.9% single-day move with no corporate action reported nearby. 90% of the universe also moved more than 5% that day, so this is a market-wide move rather than a name-specific one.",-0.2791077933050071,1
zero_volume,INFO,BAJAJ-AUTO.NS,,6 bar(s) with zero volume (0.21% of the series). A single one is usually a halt; a large fraction means the name was not reliably tradeable.,,6
zero_volume,INFO,BAJAJFINSV.NS,,5 bar(s) with zero volume (0.17% of the series). A single one is usually a halt; a large fraction means the name was not reliably tradeable.,,5
extreme_move,INFO,BAJAJFINSV.NS,2020-03-23,"-25.9% single-day move with no corporate action reported nearby. 90% of the universe also moved more than 5% that day, so this is a market-wide move rather than a name-specific one.",-0.25862135484819226,1
zero_volume,INFO,BAJFINANCE.NS,,5 bar(s) with zero volume (0.17% of the series). A single one is usually a halt; a large fraction means the name was not reliably tradeable.,,5
extreme_move,INFO,BAJFINANCE.NS,2020-03-23,"-23.2% single-day move with no corporate action reported nearby. 90% of the universe also moved more than 5% that day, so this is a market-wide move rather than a name-specific one.",-0.2323079927541042,1
zero_volume,INFO,BANDHANBNK.NS,,5 bar(s) with zero volume (0.24% of the series). A single one is usually a halt; a large fraction means the name was not reliably tradeable.,,5
extreme_move,INFO,BANDHANBNK.NS,2020-03-23,"-25.0% single-day move with no corporate action reported nearby. 90% of the universe also moved more than 5% that day, so this is a market-wide move rather than a name-specific one.",-0.2502159355778687,1
extreme_move,INFO,BANDHANBNK.NS,2020-03-26,"+39.3% single-day move with no corporate action reported nearby. 42% of the universe also moved more than 5% that day, so this is a market-wide move rather than a name-specific one.",0.3932149021228797,1
zero_volume,INFO,BANKBARODA.NS,,5 bar(s) with zero volume (0.17% of the series). A single one is usually a halt; a large fraction means the name was not reliably tradeable.,,5
extreme_move,INFO,BANKBARODA.NS,2016-02-15,"+22.6% single-day move with no corporate action reported nearby. 32% of the universe also moved more than 5% that day, so this is a market-wide move rather than a name-specific one.",0.2255937541225237,1
extreme_move,INFO,BANKBARODA.NS,2017-10-25,"+31.4% single-day move with no corporate action reported nearby. 14% of the universe also moved more than 5% that day, so this is a market-wide move rather than a name-specific one.",0.3143555844825303,1
zero_volume,INFO,BANKINDIA.NS,,5 bar(s) with zero volume (0.17% of the series). A single one is usually a halt; a large fraction means the name was not reliably tradeable.,,5
extreme_move,INFO,BANKINDIA.NS,2017-10-25,"+34.1% single-day move with no corporate action reported nearby. 14% of the universe also moved more than 5% that day, so this is a market-wide move rather than a name-specific one.",0.34115970051302313,1
zero_volume,INFO,BDL.NS,,5 bar(s) with zero volume (0.24% of the series). A single one is usually a halt; a large fraction means the name was not reliably tradeable.,,5
zero_volume,INFO,BEL.NS,,5 bar(s) with zero volume (0.17% of the series). A single one is usually a halt; a large fraction means the name was not reliably tradeable.,,5
zero_volume,INFO,BHARATFORG.NS,,4 bar(s) with zero volume (0.14% of the series). A single one is usually a halt; a large fraction means the name was not reliably tradeable.,,4
zero_volume,INFO,BHARTIARTL.NS,,5 bar(s) with zero volume (0.17% of the series). A single one is usually a halt; a large fraction means the name was not reliably tradeable.,,5
zero_volume,INFO,BHEL.NS,,5 bar(s) with zero volume (0.17% of the series). A single one is usually a halt; a large fraction means the name was not reliably tradeable.,,5
extreme_move,INFO,BHEL.NS,2019-10-18,"+21.9% single-day move with no corporate action reported nearby. 11% of the universe also moved more than 5% that day, so this is a market-wide move rather than a name-specific one.",0.2186098729500492,1
extreme_move,INFO,BHEL.NS,2020-05-13,"+23.7% single-day move with no corporate action reported nearby. 19% of the universe also moved more than 5% that day, so this is a market-wide move rather than a name-specific one.",0.23720932006835938,1
extreme_move,INFO,BHEL.NS,2024-06-04,"-20.8% single-day move with no corporate action reported nearby. 58% of the universe also moved more than 5% that day, so this is a market-wide move rather than a name-specific one.",-0.20838017855697566,1
zero_volume,INFO,BIOCON.NS,,5 bar(s) with zero volume (0.17% of the series). A single one is usually a halt; a large fraction means the name was not reliably tradeable.,,5
zero_volume,INFO,BOSCHLTD.NS,,4 bar(s) with zero volume (0.14% of the series). A single one is usually a halt; a large fraction means the name was not reliably tradeable.,,4
zero_volume,INFO,BPCL.NS,,5 bar(s) with zero volume (0.17% of the series). A single one is usually a halt; a large fraction means the name was not reliably tradeable.,,5
zero_volume,INFO,BRITANNIA.NS,,10 bar(s) with zero volume (0.35% of the series). A single one is usually a halt; a large fraction means the name was not reliably tradeable.,,10
zero_volume,INFO,BSE.NS,,5 bar(s) with zero volume (0.21% of the series). A single one is usually a halt; a large fraction means the name was not reliably tradeable.,,5
zero_volume,INFO,CAMS.NS,,6 bar(s) with zero volume (0.42% of the series). A single one is usually a halt; a large fraction means the name was not reliably tradeable.,,6
zero_volume,INFO,CANBK.NS,,5 bar(s) with zero volume (0.17% of the series). A single one is usually a halt; a large fraction means the name was not reliably tradeable.,,5
extreme_move,INFO,CANBK.NS,2017-10-25,"+38.7% single-day move with no corporate action reported nearby. 14% of the universe also moved more than 5% that day, so this is a market-wide move rather than a name-specific one.",0.387259632561997,1
extreme_move,INFO,CANBK.NS,2020-03-23,"-20.9% single-day move with no corporate action reported nearby. 90% of the universe also moved more than 5% that day, so this is a market-wide move rather than a name-specific one.",-0.20935063547902288,1
zero_volume,INFO,CDSL.NS,,5 bar(s) with zero volume (0.22% of the series). A single one is usually a halt; a large fraction means the name was not reliably tradeable.,,5
extreme_move,WARN,CDSL.NS,2017-07-03,"-49.9% single-day move with no corporate action reported nearby. Isolated --- only 4% of the universe moved more than 5% that day, which makes a name-specific event or a bad print more likely.",-0.49923592378895054,1
zero_volume,INFO,CGPOWER.NS,,5 bar(s) with zero volume (0.17% of the series). A single one is usually a halt; a large fraction means the name was not reliably tradeable.,,5
extreme_move,WARN,CGPOWER.NS,2016-02-03,"-21.7% single-day move with no corporate action reported nearby. Isolated --- only 8% of the universe moved more than 5% that day, which makes a name-specific event or a bad print more likely.",-0.21733933828757424,1
zero_volume,INFO,CHOLAFIN.NS,,5 bar(s) with zero volume (0.17% of the series). A single one is usually a halt; a large fraction means the name was not reliably tradeable.,,5
extreme_move,INFO,CHOLAFIN.NS,2020-03-23,"-29.6% single-day move with no corporate action reported nearby. 90% of the universe also moved more than 5% that day, so this is a market-wide move rather than a name-specific one.",-0.2959896349197526,1
zero_volume,INFO,CIPLA.NS,,5 bar(s) with zero volume (0.17% of the series). A single one is usually a halt; a large fraction means the name was not reliably tradeable.,,5
zero_volume,INFO,COALINDIA.NS,,5 bar(s) with zero volume (0.17% of the series). A single one is usually a halt; a large fraction means the name was not reliably tradeable.,,5
zero_volume,INFO,COFORGE.NS,,5 bar(s) with zero volume (0.17% of the series). A single one is usually a halt; a large fraction means the name was not reliably tradeable.,,5
extreme_move,INFO,COFORGE.NS,2020-03-23,"-24.4% single-day move with no corporate action reported nearby. 90% of the universe also moved more than 5% that day, so this is a market-wide move rather than a name-specific one.",-0.2440187523659365,1
extreme_move,INFO,COFORGE.NS,2020-03-25,"+22.0% single-day move with no corporate action reported nearby. 35% of the universe also moved more than 5% that day, so this is a market-wide move rather than a name-specific one.",0.21983416520778842,1
zero_volume,INFO,COLPAL.NS,,5 bar(s) with zero volume (0.17% of the series). A single one is usually a halt; a large fraction means the name was not reliably tradeable.,,5
zero_volume,INFO,CONCOR.NS,,5 bar(s) with zero volume (0.17% of the series). A single one is usually a halt; a large fraction means the name was not reliably tradeable.,,5
extreme_move,WARN,CONCOR.NS,2025-01-01,"-20.9% single-day move with no corporate action reported nearby. Isolated --- only 1% of the universe moved more than 5% that day, which makes a name-specific event or a bad print more likely.",-0.20883248421141343,1
zero_volume,INFO,CROMPTON.NS,,5 bar(s) with zero volume (0.20% of the series). A single one is usually a halt; a large fraction means the name was not reliably tradeable.,,5
zero_volume,INFO,CUMMINSIND.NS,,5 bar(s) with zero volume (0.17% of the series). A single one is usually a halt; a large fraction means the name was not reliably tradeable.,,5
zero_volume,INFO,DABUR.NS,,5 bar(s) with zero volume (0.17% of the series). A single one is usually a halt; a large fraction means the name was not reliably tradeable.,,5
zero_volume,INFO,DALBHARAT.NS,,17 bar(s) with zero volume (0.90% of the series). A single one is usually a halt; a large fraction means the name was not reliably tradeable.,,17
zero_volume,WARN,DALBHARAT.NS,2019-01-07,12 consecutive zero-volume sessions 2019-01-07..2019-01-22. Any spread built on this window is fiction regardless of what the price column says.,,12
stale_price,WARN,DALBHARAT.NS,2019-01-07,"close unchanged at 1090.00 for 13 consecutive sessions 2019-01-07..2019-01-22. A flat stretch reads to an ADF test as an exceptionally well-behaved spread, which is how a suspended stock manufactures a false cointegration result.",1090.0,13
zero_volume,INFO,DIVISLAB.NS,,4 bar(s) with zero volume (0.14% of the series). A single one is usually a halt; a large fraction means the name was not reliably tradeable.,,4
extreme_move,WARN,DIVISLAB.NS,2016-12-23,"-22.3% single-day move with no corporate action reported nearby. Isolated --- only 2% of the universe moved more than 5% that day, which makes a name-specific event or a bad print more likely.",-0.22264831942251295,1
zero_volume,INFO,DIXON.NS,,5 bar(s) with zero volume (0.23% of the series). A single one is usually a halt; a large fraction means the name was not reliably tradeable.,,5
zero_volume,INFO,DLF.NS,,11 bar(s) with zero volume (0.38% of the series). A single one is usually a halt; a large fraction means the name was not reliably tradeable.,,11
zero_volume,INFO,DMART.NS,,5 bar(s) with zero volume (0.22% of the series). A single one is usually a halt; a large fraction means the name was not reliably tradeable.,,5
zero_volume,INFO,DRREDDY.NS,,5 bar(s) with zero volume (0.17% of the series). A single one is usually a halt; a large fraction means the name was not reliably tradeable.,,5
zero_volume,INFO,EICHERMOT.NS,,5 bar(s) with zero volume (0.17% of the series). A single one is usually a halt; a large fraction means the name was not reliably tradeable.,,5
zero_volume,INFO,ETERNAL.NS,,8 bar(s) with zero volume (0.64% of the series). A single one is usually a halt; a large fraction means the name was not reliably tradeable.,,8
zero_volume,INFO,FEDERALBNK.NS,,5 bar(s) with zero volume (0.17% of the series). A single one is usually a halt; a large fraction means the name was not reliably tradeable.,,5
extreme_move,INFO,FEDERALBNK.NS,2020-03-23,"-24.2% single-day move with no corporate action reported nearby. 90% of the universe also moved more than 5% that day, so this is a market-wide move rather than a name-specific one.",-0.241966024244744,1
zero_volume,INFO,FORTIS.NS,,6 bar(s) with zero volume (0.21% of the series). A single one is usually a halt; a large fraction means the name was not reliably tradeable.,,6
zero_volume,INFO,GAIL.NS,,5 bar(s) with zero volume (0.17% of the series). A single one is usually a halt; a large fraction means the name was not reliably tradeable.,,5
zero_volume,INFO,GLENMARK.NS,,5 bar(s) with zero volume (0.17% of the series). A single one is usually a halt; a large fraction means the name was not reliably tradeable.,,5
extreme_move,WARN,GLENMARK.NS,2019-11-18,"+21.4% single-day move with no corporate action reported nearby. Isolated --- only 2% of the universe moved more than 5% that day, which makes a name-specific event or a bad print more likely.",0.2144517866876039,1
extreme_move,INFO,GLENMARK.NS,2020-03-12,"-23.1% single-day move with no corporate action reported nearby. 85% of the universe also moved more than 5% that day, so this is a market-wide move rather than a name-specific one.",-0.2305909554100336,1
extreme_move,INFO,GLENMARK.NS,2020-04-13,"+20.8% single-day move with no corporate action reported nearby. 11% of the universe also moved more than 5% that day, so this is a market-wide move rather than a name-specific one.",0.20775293145590346,1
extreme_move,INFO,GLENMARK.NS,2020-06-22,"+27.0% single-day move with no corporate action reported nearby. 14% of the universe also moved more than 5% that day, so this is a market-wide move rather than a name-specific one.",0.26969584035761973,1
zero_volume,INFO,GMRAIRPORT.NS,,10 bar(s) with zero volume (0.35% of the series). A single one is usually a halt; a large fraction means the name was not reliably tradeable.,,10
zero_volume,INFO,GODREJCP.NS,,5 bar(s) with zero volume (0.17% of the series). A single one is usually a halt; a large fraction means the name was not reliably tradeable.,,5
extreme_move,WARN,GODREJCP.NS,2021-05-12,"+21.9% single-day move with no corporate action reported nearby. Isolated --- only 5% of the universe moved more than 5% that day, which makes a name-specific event or a bad print more likely.",0.21872376530150572,1
zero_volume,INFO,GODREJPROP.NS,,5 bar(s) with zero volume (0.17% of the series). A single one is usually a halt; a large fraction means the name was not reliably tradeable.,,5
zero_volume,INFO,GRASIM.NS,,5 bar(s) with zero volume (0.17% of the series). A single one is usually a halt; a large fraction means the name was not reliably tradeable.,,5
zero_volume,INFO,HAL.NS,,5 bar(s) with zero volume (0.24% of the series). A single one is usually a halt; a large fraction means the name was not reliably tradeable.,,5
zero_volume,INFO,HAVELLS.NS,,5 bar(s) with zero volume (0.17% of the series). A single one is usually a halt; a large fraction means the name was not reliably tradeable.,,5
zero_volume,INFO,HCLTECH.NS,,5 bar(s) with zero volume (0.17% of the series). A single one is usually a halt; a large fraction means the name was not reliably tradeable.,,5
zero_volume,INFO,HDFCAMC.NS,,5 bar(s) with zero volume (0.25% of the series). A single one is usually a halt; a large fraction means the name was not reliably tradeable.,,5
zero_volume,INFO,HDFCBANK.NS,,5 bar(s) with zero volume (0.17% of the series). A single one is usually a halt; a large fraction means the name was not reliably tradeable.,,5
zero_volume,INFO,HDFCLIFE.NS,,5 bar(s) with zero volume (0.23% of the series). A single one is usually a halt; a large fraction means the name was not reliably tradeable.,,5
zero_volume,INFO,HEROMOTOCO.NS,,5 bar(s) with zero volume (0.17% of the series). A single one is usually a halt; a large fraction means the name was not reliably tradeable.,,5
zero_volume,INFO,HINDALCO.NS,,5 bar(s) with zero volume (0.17% of the series). A single one is usually a halt; a large fraction means the name was not reliably tradeable.,,5
zero_volume,INFO,HINDPETRO.NS,,5 bar(s) with zero volume (0.17% of the series). A single one is usually a halt; a large fraction means the name was not reliably tradeable.,,5
extreme_move,INFO,HINDPETRO.NS,2018-10-05,"-24.0% single-day move with no corporate action reported nearby. 12% of the universe also moved more than 5% that day, so this is a market-wide move rather than a name-specific one.",-0.23969604828621627,1
zero_volume,INFO,HINDUNILVR.NS,,5 bar(s) with zero volume (0.17% of the series). A single one is usually a halt; a large fraction means the name was not reliably tradeable.,,5
zero_volume,INFO,HINDZINC.NS,,5 bar(s) with zero volume (0.17% of the series). A single one is usually a halt; a large fraction means the name was not reliably tradeable.,,5
extreme_move,WARN,HINDZINC.NS,2024-05-21,"+25.6% single-day move; nearest corporate action 2024-05-15 (dividend 10.00, split 0.00), 3 session(s) away. Yahoo pre-adjusts NSE splits, so a move this large next to a reported action suggests the adjustment was applied on the wrong date or not at all. Isolated --- only 8% of the universe moved more than 5% that day, which makes a name-specific event or a bad print more likely.",0.2560148635390649,1
zero_volume,INFO,ICICIBANK.NS,,5 bar(s) with zero volume (0.17% of the series). A single one is usually a halt; a large fraction means the name was not reliably tradeable.,,5
zero_volume,INFO,ICICIGI.NS,,5 bar(s) with zero volume (0.23% of the series). A single one is usually a halt; a large fraction means the name was not reliably tradeable.,,5
zero_volume,INFO,ICICIPRULI.NS,,5 bar(s) with zero volume (0.21% of the series). A single one is usually a halt; a large fraction means the name was not reliably tradeable.,,5
extreme_move,INFO,ICICIPRULI.NS,2020-03-23,"-21.5% single-day move with no corporate action reported nearby. 90% of the universe also moved more than 5% that day, so this is a market-wide move rather than a name-specific one.",-0.21499015953610068,1
extreme_move,INFO,ICICIPRULI.NS,2020-03-25,"+25.9% single-day move with no corporate action reported nearby. 35% of the universe also moved more than 5% that day, so this is a market-wide move rather than a name-specific one.",0.2593830459829565,1
zero_volume,INFO,IDEA.NS,,5 bar(s) with zero volume (0.17% of the series). A single one is usually a halt; a large fraction means the name was not reliably tradeable.,,5
extreme_move,WARN,IDEA.NS,2017-01-30,"+25.3% single-day move with no corporate action reported nearby. Isolated --- only 3% of the universe moved more than 5% that day, which makes a name-specific event or a bad print more likely.",0.2525641276247872,1
extreme_move,WARN,IDEA.NS,2019-07-29,"-27.0% single-day move with no corporate action reported nearby. Isolated --- only 6% of the universe moved more than 5% that day, which makes a name-specific event or a bad print more likely.",-0.2702702702702703,1
extreme_move,WARN,IDEA.NS,2019-10-24,"-23.0% single-day move with no corporate action reported nearby. Isolated --- only 8% of the universe moved more than 5% that day, which makes a name-specific event or a bad print more likely.",-0.2300885254498959,1
extreme_move,WARN,IDEA.NS,2019-11-14,"-20.3% single-day move with no corporate action reported nearby. Isolated --- only 4% of the universe moved more than 5% that day, which makes a name-specific event or a bad print more likely.",-0.2027027000903735,1
extreme_move,WARN,IDEA.NS,2019-11-15,"+23.7% single-day move with no corporate action reported nearby. Isolated --- only 5% of the universe moved more than 5% that day, which makes a name-specific event or a bad print more likely.",0.23728814792167285,1
extreme_move,WARN,IDEA.NS,2019-11-18,"+21.9% single-day move with no corporate action reported nearby. Isolated --- only 2% of the universe moved more than 5% that day, which makes a name-specific event or a bad print more likely.",0.2191779980808939,1
extreme_move,WARN,IDEA.NS,2019-11-19,"+36.0% single-day move with no corporate action reported nearby. Isolated --- only 4% of the universe moved more than 5% that day, which makes a name-specific event or a bad print more likely.",0.35955066293226356,1
extreme_move,WARN,IDEA.NS,2020-01-17,"-25.0% single-day move with no corporate action reported nearby. Isolated --- only 3% of the universe moved more than 5% that day, which makes a name-specific event or a bad print more likely.",-0.25,1
extreme_move,WARN,IDEA.NS,2020-01-21,"+22.7% single-day move with no corporate action reported nearby. Isolated --- only 3% of the universe moved more than 5% that day, which makes a name-specific event or a bad print more likely.",0.2268041085076895,1
extreme_move,WARN,IDEA.NS,2020-02-14,"-24.4% single-day move with no corporate action reported nearby. Isolated --- only 2% of the universe moved more than 5% that day, which makes a name-specific event or a bad print more likely.",-0.2444444232516818,1
extreme_move,WARN,IDEA.NS,2020-02-19,"+40.0% single-day move with no corporate action reported nearby. Isolated --- only 6% of the universe moved more than 5% that day, which makes a name-specific event or a bad print more likely.",0.39999993642171217,1
extreme_move,INFO,IDEA.NS,2020-03-09,"+21.2% single-day move with no corporate action reported nearby. 43% of the universe also moved more than 5% that day, so this is a market-wide move rather than a name-specific one.",0.2121212296358923,1
extreme_move,INFO,IDEA.NS,2020-03-13,"+33.3% single-day move with no corporate action reported nearby. 34% of the universe also moved more than 5% that day, so this is a market-wide move rather than a name-specific one.",0.3333333711775539,1
extreme_move,INFO,IDEA.NS,2020-03-18,"-35.1% single-day move with no corporate action reported nearby. 48% of the universe also moved more than 5% that day, so this is a market-wide move rather than a name-specific one.",-0.35051543148307074,1
extreme_move,INFO,IDEA.NS,2020-04-13,"+24.2% single-day move with no corporate action reported nearby. 11% of the universe also moved more than 5% that day, so this is a market-wide move rather than a name-specific one.",0.2424242314775673,1
extreme_move,INFO,IDEA.NS,2020-06-05,"+22.1% single-day move with no corporate action reported nearby. 17% of the universe also moved more than 5% that day, so this is a market-wide move rather than a name-specific one.",0.22093017840140683,1
extreme_move,WARN,IDEA.NS,2020-09-03,"+26.8% single-day move with no corporate action reported nearby. Isolated --- only 4% of the universe moved more than 5% that day, which makes a name-specific event or a bad print more likely.",0.26767683578941415,1
extreme_move,WARN,IDEA.NS,2021-09-16,"+25.7% single-day move with no corporate action reported nearby. Isolated --- only 7% of the universe moved more than 5% that day, which makes a name-specific event or a bad print more likely.",0.25698326701123264,1
extreme_move,WARN,IDEA.NS,2022-01-11,"-20.5% single-day move with no corporate action reported nearby. Isolated --- only 3% of the universe moved more than 5% that day, which makes a name-specific event or a bad print more likely.",-0.20538721295527673,1
extreme_move,WARN,IDEA.NS,2023-02-06,"+20.4% single-day move with no corporate action reported nearby. Isolated --- only 7% of the universe moved more than 5% that day, which makes a name-specific event or a bad print more likely.",0.20437957881147262,1
extreme_move,WARN,IDEA.NS,2023-12-29,"+20.8% single-day move with no corporate action reported nearby. Isolated --- only 2% of the universe moved more than 5% that day, which makes a name-specific event or a bad print more likely.",0.2075471698113207,1
zero_volume,INFO,IDFCFIRSTB.NS,,11 bar(s) with zero volume (0.41% of the series). A single one is usually a halt; a large fraction means the name was not reliably tradeable.,,11
zero_volume,INFO,IEX.NS,,5 bar(s) with zero volume (0.23% of the series). A single one is usually a halt; a large fraction means the name was not reliably tradeable.,,5
extreme_move,WARN,IEX.NS,2025-07-24,"-29.6% single-day move with no corporate action reported nearby. Isolated --- only 3% of the universe moved more than 5% that day, which makes a name-specific event or a bad print more likely.",-0.29575811509897343,1
zero_volume,INFO,INDHOTEL.NS,,5 bar(s) with zero volume (0.17% of the series). A single one is usually a halt; a large fraction means the name was not reliably tradeable.,,5
zero_volume,INFO,INDIANB.NS,,5 bar(s) with zero volume (0.17% of the series). A single one is usually a halt; a large fraction means the name was not reliably tradeable.,,5
extreme_move,INFO,INDIANB.NS,2017-10-25,"+21.1% single-day move with no corporate action reported nearby. 14% of the universe also moved more than 5% that day, so this is a market-wide move rather than a name-specific one.",0.2107308499797642,1
zero_volume,INFO,INDIGO.NS,,4 bar(s) with zero volume (0.15% of the series). A single one is usually a halt; a large fraction means the name was not reliably tradeable.,,4
zero_volume,INFO,INDUSINDBK.NS,,5 bar(s) with zero volume (0.17% of the series). A single one is usually a halt; a large fraction means the name was not reliably tradeable.,,5
extreme_move,INFO,INDUSINDBK.NS,2020-03-18,"-23.7% single-day move with no corporate action reported nearby. 48% of the universe also moved more than 5% that day, so this is a market-wide move rather than a name-specific one.",-0.23727556207602973,1
extreme_move,INFO,INDUSINDBK.NS,2020-03-23,"-23.6% single-day move with no corporate action reported nearby. 90% of the universe also moved more than 5% that day, so this is a market-wide move rather than a name-specific one.",-0.23594866005760884,1
extreme_move,INFO,INDUSINDBK.NS,2020-03-26,"+44.7% single-day move with no corporate action reported nearby. 42% of the universe also moved more than 5% that day, so this is a market-wide move rather than a name-specific one.",0.44673087141312084,1
extreme_move,INFO,INDUSINDBK.NS,2020-04-07,"+22.6% single-day move with no corporate action reported nearby. 53% of the universe also moved more than 5% that day, so this is a market-wide move rather than a name-specific one.",0.22557468436426298,1
extreme_move,WARN,INDUSINDBK.NS,2025-03-11,"-27.2% single-day move with no corporate action reported nearby. Isolated --- only 2% of the universe moved more than 5% that day, which makes a name-specific event or a bad print more likely.",-0.27157133569457936,1
zero_volume,INFO,INDUSTOWER.NS,,6 bar(s) with zero volume (0.21% of the series). A single one is usually a halt; a large fraction means the name was not reliably tradeable.,,6
extreme_move,INFO,INDUSTOWER.NS,2020-03-18,"-22.9% single-day move with no corporate action reported nearby. 48% of the universe also moved more than 5% that day, so this is a market-wide move rather than a name-specific one.",-0.22890947220757485,1
zero_volume,INFO,INFY.NS,,5 bar(s) with zero volume (0.17% of the series). A single one is usually a halt; a large fraction means the name was not reliably tradeable.,,5
zero_volume,INFO,IOC.NS,,5 bar(s) with zero volume (0.17% of the series). A single one is usually a halt; a large fraction means the name was not reliably tradeable.,,5
zero_volume,INFO,IRFC.NS,,6 bar(s) with zero volume (0.44% of the series). A single one is usually a halt; a large fraction means the name was not reliably tradeable.,,6
extreme_move,WARN,IRFC.NS,2024-01-16,"+25.1% single-day move with no corporate action reported nearby. Isolated --- only 2% of the universe moved more than 5% that day, which makes a name-specific event or a bad print more likely.",0.2508818712065375,1
zero_volume,INFO,ITC.NS,,4 bar(s) with zero volume (0.14% of the series). A single one is usually a halt; a large fraction means the name was not reliably tradeable.,,4
zero_volume,INFO,JINDALSTEL.NS,,5 bar(s) with zero volume (0.17% of the series). A single one is usually a halt; a large fraction means the name was not reliably tradeable.,,5
extreme_move,WARN,JINDALSTEL.NS,2015-02-19,"+25.7% single-day move with no corporate action reported nearby. Isolated --- only 5% of the universe moved more than 5% that day, which makes a name-specific event or a bad print more likely.",0.25748309255518453,1
extreme_move,INFO,JINDALSTEL.NS,2020-04-07,"+28.9% single-day move with no corporate action reported nearby. 53% of the universe also moved more than 5% that day, so this is a market-wide move rather than a name-specific one.",0.2889944506576321,1
zero_volume,INFO,JSWENERGY.NS,,5 bar(s) with zero volume (0.17% of the series). A single one is usually a halt; a large fraction means the name was not reliably tradeable.,,5
zero_volume,INFO,JSWSTEEL.NS,,10 bar(s) with zero volume (0.35% of the series). A single one is usually a halt; a large fraction means the name was not reliably tradeable.,,10
zero_volume,INFO,JUBLFOOD.NS,,5 bar(s) with zero volume (0.17% of the series). A single one is usually a halt; a large fraction means the name was not reliably tradeable.,,5
zero_volume,INFO,KALYANKJIL.NS,,6 bar(s) with zero volume (0.45% of the series). A single one is usually a halt; a large fraction means the name was not reliably tradeable.,,6
zero_volume,INFO,KOTAKBANK.NS,,5 bar(s) with zero volume (0.17% of the series). A single one is usually a halt; a large fraction means the name was not reliably tradeable.,,5
zero_volume,INFO,KPITTECH.NS,,5 bar(s) with zero volume (0.28% of the series). A single one is usually a halt; a large fraction means the name was not reliably tradeable.,,5
zero_volume,INFO,LAURUSLABS.NS,,5 bar(s) with zero volume (0.21% of the series). A single one is usually a halt; a large fraction means the name was not reliably tradeable.,,5
zero_volume,INFO,LICHSGFIN.NS,,5 bar(s) with zero volume (0.17% of the series). A single one is usually a halt; a large fraction means the name was not reliably tradeable.,,5
zero_volume,INFO,LODHA.NS,,6 bar(s) with zero volume (0.46% of the series). A single one is usually a halt; a large fraction means the name was not reliably tradeable.,,6
zero_volume,INFO,LT.NS,,5 bar(s) with zero volume (0.17% of the series). A single one is usually a halt; a large fraction means the name was not reliably tradeable.,,5
zero_volume,INFO,LTF.NS,,5 bar(s) with zero volume (0.17% of the series). A single one is usually a halt; a large fraction means the name was not reliably tradeable.,,5
zero_volume,INFO,LTM.NS,,8 bar(s) with zero volume (0.32% of the series). A single one is usually a halt; a large fraction means the name was not reliably tradeable.,,8
zero_volume,INFO,LUPIN.NS,,5 bar(s) with zero volume (0.17% of the series). A single one is usually a halt; a large fraction means the name was not reliably tradeable.,,5
zero_volume,INFO,M&M.NS,,6 bar(s) with zero volume (0.21% of the series). A single one is usually a halt; a large fraction means the name was not reliably tradeable.,,6
zero_volume,INFO,MANAPPURAM.NS,,5 bar(s) with zero volume (0.17% of the series). A single one is usually a halt; a large fraction means the name was not reliably tradeable.,,5
extreme_move,INFO,MANAPPURAM.NS,2020-03-25,"+20.9% single-day move with no corporate action reported nearby. 35% of the universe also moved more than 5% that day, so this is a market-wide move rather than a name-specific one.",0.20877814753239332,1
zero_volume,INFO,MARICO.NS,,5 bar(s) with zero volume (0.17% of the series). A single one is usually a halt; a large fraction means the name was not reliably tradeable.,,5
zero_volume,INFO,MARUTI.NS,,6 bar(s) with zero volume (0.21% of the series). A single one is usually a halt; a large fraction means the name was not reliably tradeable.,,6
zero_volume,INFO,MAXHEALTH.NS,,5 bar(s) with zero volume (0.34% of the series). A single one is usually a halt; a large fraction means the name was not reliably tradeable.,,5
zero_volume,INFO,MAZDOCK.NS,,6 bar(s) with zero volume (0.42% of the series). A single one is usually a halt; a large fraction means the name was not reliably tradeable.,,6
zero_volume,INFO,MCX.NS,,5 bar(s) with zero volume (0.17% of the series). A single one is usually a halt; a large fraction means the name was not reliably tradeable.,,5
zero_volume,INFO,MFSL.NS,,5 bar(s) with zero volume (0.17% of the series). A single one is usually a halt; a large fraction means the name was not reliably tradeable.,,5
extreme_move,WARN,MFSL.NS,2016-01-27,"-26.1% single-day move with no corporate action reported nearby. Isolated --- only 5% of the universe moved more than 5% that day, which makes a name-specific event or a bad print more likely.",-0.2608142459883719,1
extreme_move,INFO,MFSL.NS,2020-03-23,"-29.2% single-day move with no corporate action reported nearby. 90% of the universe also moved more than 5% that day, so this is a market-wide move rather than a name-specific one.",-0.29233602012760573,1
extreme_move,INFO,MFSL.NS,2020-03-26,"+20.2% single-day move with no corporate action reported nearby. 42% of the universe also moved more than 5% that day, so this is a market-wide move rather than a name-specific one.",0.202443521888807,1
zero_volume,INFO,MOTHERSON.NS,,6 bar(s) with zero volume (0.21% of the series). A single one is usually a halt; a large fraction means the name was not reliably tradeable.,,6
extreme_move,WARN,MOTHERSON.NS,2020-03-12,"-24.3% single-day move; nearest corporate action 2020-03-12 (dividend 0.67, split 0.00), 0 session(s) away. Yahoo pre-adjusts NSE splits, so a move this large next to a reported action suggests the adjustment was applied on the wrong date or not at all. 85% of the universe also moved more than 5% that day, so this is a market-wide move rather than a name-specific one.",-0.24345407895070492,1
extreme_move,WARN,MOTHERSON.NS,2022-01-14,"+28.6% single-day move with no corporate action reported nearby. Isolated --- only 2% of the universe moved more than 5% that day, which makes a name-specific event or a bad print more likely.",0.2855026955657287,1
zero_volume,INFO,MPHASIS.NS,,5 bar(s) with zero volume (0.17% of the series). A single one is usually a halt; a large fraction means the name was not reliably tradeable.,,5
zero_volume,INFO,MUTHOOTFIN.NS,,5 bar(s) with zero volume (0.17% of the series). A single one is usually a halt; a large fraction means the name was not reliably tradeable.,,5
zero_volume,INFO,NAM-INDIA.NS,,6 bar(s) with zero volume (0.28% of the series). A single one is usually a halt; a large fraction means the name was not reliably tradeable.,,6
zero_volume,INFO,NATIONALUM.NS,,5 bar(s) with zero volume (0.17% of the series). A single one is usually a halt; a large fraction means the name was not reliably tradeable.,,5
zero_volume,INFO,NAUKRI.NS,,6 bar(s) with zero volume (0.21% of the series). A single one is usually a halt; a large fraction means the name was not reliably tradeable.,,6
zero_volume,INFO,NBCC.NS,,5 bar(s) with zero volume (0.17% of the series). A single one is usually a halt; a large fraction means the name was not reliably tradeable.,,5
zero_volume,INFO,NESTLEIND.NS,,5 bar(s) with zero volume (0.17% of the series). A single one is usually a halt; a large fraction means the name was not reliably tradeable.,,5
zero_volume,INFO,NMDC.NS,,5 bar(s) with zero volume (0.17% of the series). A single one is usually a halt; a large fraction means the name was not reliably tradeable.,,5
zero_volume,INFO,NTPC.NS,,5 bar(s) with zero volume (0.17% of the series). A single one is usually a halt; a large fraction means the name was not reliably tradeable.,,5
zero_volume,INFO,OBEROIRLTY.NS,,4 bar(s) with zero volume (0.14% of the series). A single one is usually a halt; a large fraction means the name was not reliably tradeable.,,4
zero_volume,INFO,ONGC.NS,,5 bar(s) with zero volume (0.17% of the series). A single one is usually a halt; a large fraction means the name was not reliably tradeable.,,5
zero_volume,INFO,PAGEIND.NS,,6 bar(s) with zero volume (0.21% of the series). A single one is usually a halt; a large fraction means the name was not reliably tradeable.,,6
zero_volume,INFO,PERSISTENT.NS,,5 bar(s) with zero volume (0.17% of the series). A single one is usually a halt; a large fraction means the name was not reliably tradeable.,,5
zero_volume,INFO,PETRONET.NS,,5 bar(s) with zero volume (0.17% of the series). A single one is usually a halt; a large fraction means the name was not reliably tradeable.,,5
zero_volume,INFO,PFC.NS,,5 bar(s) with zero volume (0.17% of the series). A single one is usually a halt; a large fraction means the name was not reliably tradeable.,,5
extreme_move,INFO,PFC.NS,2024-06-04,"-23.1% single-day move with no corporate action reported nearby. 58% of the universe also moved more than 5% that day, so this is a market-wide move rather than a name-specific one.",-0.23080387637058197,1
zero_volume,INFO,PIDILITIND.NS,,5 bar(s) with zero volume (0.17% of the series). A single one is usually a halt; a large fraction means the name was not reliably tradeable.,,5
zero_volume,INFO,PIIND.NS,,5 bar(s) with zero volume (0.17% of the series). A single one is usually a halt; a large fraction means the name was not reliably tradeable.,,5
zero_volume,INFO,PNB.NS,,5 bar(s) with zero volume (0.17% of the series). A single one is usually a halt; a large fraction means the name was not reliably tradeable.,,5
extreme_move,INFO,PNB.NS,2017-10-25,"+46.2% single-day move with no corporate action reported nearby. 14% of the universe also moved more than 5% that day, so this is a market-wide move rather than a name-specific one.",0.46201163179061666,1
zero_volume,INFO,PNBHOUSING.NS,,21 bar(s) with zero volume (0.87% of the series). A single one is usually a halt; a large fraction means the name was not reliably tradeable.,,21
zero_volume,WARN,PNBHOUSING.NS,2021-10-20,16 consecutive zero-volume sessions 2021-10-20..2021-11-11. Any spread built on this window is fiction regardless of what the price column says.,,16
stale_price,WARN,PNBHOUSING.NS,2021-10-20,"close unchanged at 477.44 for 17 consecutive sessions 2021-10-20..2021-11-11. A flat stretch reads to an ADF test as an exceptionally well-behaved spread, which is how a suspended stock manufactures a false cointegration result.",477.4391174316406,17
zero_volume,INFO,POLYCAB.NS,,10 bar(s) with zero volume (0.55% of the series). A single one is usually a halt; a large fraction means the name was not reliably tradeable.,,10
extreme_move,WARN,POLYCAB.NS,2024-01-11,"-21.0% single-day move with no corporate action reported nearby. Isolated --- only 1% of the universe moved more than 5% that day, which makes a name-specific event or a bad print more likely.",-0.2103891865465265,1
zero_volume,INFO,POWERGRID.NS,,5 bar(s) with zero volume (0.17% of the series). A single one is usually a halt; a large fraction means the name was not reliably tradeable.,,5
zero_volume,INFO,RBLBANK.NS,,5 bar(s) with zero volume (0.20% of the series). A single one is usually a halt; a large fraction means the name was not reliably tradeable.,,5
extreme_move,INFO,RBLBANK.NS,2020-03-16,"-21.2% single-day move with no corporate action reported nearby. 58% of the universe also moved more than 5% that day, so this is a market-wide move rather than a name-specific one.",-0.21176185240807466,1
extreme_move,INFO,RBLBANK.NS,2022-06-13,"-22.7% single-day move with no corporate action reported nearby. 12% of the universe also moved more than 5% that day, so this is a market-wide move rather than a name-specific one.",-0.22667253825594058,1
zero_volume,INFO,RECLTD.NS,,5 bar(s) with zero volume (0.17% of the series). A single one is usually a halt; a large fraction means the name was not reliably tradeable.,,5
extreme_move,INFO,RECLTD.NS,2024-06-04,"-25.2% single-day move with no corporate action reported nearby. 58% of the universe also moved more than 5% that day, so this is a market-wide move rather than a name-specific one.",-0.25194373497596156,1
zero_volume,INFO,RELIANCE.NS,,5 bar(s) with zero volume (0.17% of the series). A single one is usually a halt; a large fraction means the name was not reliably tradeable.,,5
zero_volume,INFO,RVNL.NS,,5 bar(s) with zero volume (0.28% of the series). A single one is usually a halt; a large fraction means the name was not reliably tradeable.,,5
zero_volume,INFO,SAIL.NS,,5 bar(s) with zero volume (0.17% of the series). A single one is usually a halt; a large fraction means the name was not reliably tradeable.,,5
extreme_move,INFO,SAIL.NS,2024-06-04,"-20.0% single-day move with no corporate action reported nearby. 58% of the universe also moved more than 5% that day, so this is a market-wide move rather than a name-specific one.",-0.20018035365166154,1
zero_volume,INFO,SBICARD.NS,,5 bar(s) with zero volume (0.32% of the series). A single one is usually a halt; a large fraction means the name was not reliably tradeable.,,5
zero_volume,INFO,SBILIFE.NS,,5 bar(s) with zero volume (0.23% of the series). A single one is usually a halt; a large fraction means the name was not reliably tradeable.,,5
zero_volume,INFO,SBIN.NS,,5 bar(s) with zero volume (0.17% of the series). A single one is usually a halt; a large fraction means the name was not reliably tradeable.,,5
extreme_move,INFO,SBIN.NS,2017-10-25,"+27.7% single-day move with no corporate action reported nearby. 14% of the universe also moved more than 5% that day, so this is a market-wide move rather than a name-specific one.",0.27687167535149326,1
zero_volume,INFO,SHREECEM.NS,,5 bar(s) with zero volume (0.17% of the series). A single one is usually a halt; a large fraction means the name was not reliably tradeable.,,5
zero_volume,INFO,SHRIRAMFIN.NS,,10 bar(s) with zero volume (0.35% of the series). A single one is usually a halt; a large fraction means the name was not reliably tradeable.,,10
extreme_move,INFO,SHRIRAMFIN.NS,2020-03-23,"-22.2% single-day move with no corporate action reported nearby. 90% of the universe also moved more than 5% that day, so this is a market-wide move rather than a name-specific one.",-0.22181097153509766,1
zero_volume,INFO,SIEMENS.NS,,4 bar(s) with zero volume (0.14% of the series). A single one is usually a halt; a large fraction means the name was not reliably tradeable.,,4
zero_volume,INFO,SONACOMS.NS,,8 bar(s) with zero volume (0.63% of the series). A single one is usually a halt; a large fraction means the name was not reliably tradeable.,,8
zero_volume,INFO,SRF.NS,,5 bar(s) with zero volume (0.17% of the series). A single one is usually a halt; a large fraction means the name was not reliably tradeable.,,5
zero_volume,INFO,SUNPHARMA.NS,,5 bar(s) with zero volume (0.17% of the series). A single one is usually a halt; a large fraction means the name was not reliably tradeable.,,5
zero_volume,INFO,SUZLON.NS,,5 bar(s) with zero volume (0.17% of the series). A single one is usually a halt; a large fraction means the name was not reliably tradeable.,,5
extreme_move,WARN,SUZLON.NS,2019-02-05,"-24.2% single-day move with no corporate action reported nearby. Isolated --- only 4% of the universe moved more than 5% that day, which makes a name-specific event or a bad print more likely.",-0.2421052936547381,1
extreme_move,WARN,SUZLON.NS,2019-02-21,"+20.3% single-day move with no corporate action reported nearby. Isolated --- only 3% of the universe moved more than 5% that day, which makes a name-specific event or a bad print more likely.",0.20270285159165913,1
extreme_move,WARN,SUZLON.NS,2019-02-22,"+29.2% single-day move with no corporate action reported nearby. Isolated --- only 4% of the universe moved more than 5% that day, which makes a name-specific event or a bad print more likely.",0.29213478425668504,1
extreme_move,INFO,SUZLON.NS,2019-03-05,"+25.2% single-day move with no corporate action reported nearby. 11% of the universe also moved more than 5% that day, so this is a market-wide move rather than a name-specific one.",0.2521008029308951,1
extreme_move,WARN,SUZLON.NS,2019-06-20,"+22.4% single-day move with no corporate action reported nearby. Isolated --- only 4% of the universe moved more than 5% that day, which makes a name-specific event or a bad print more likely.",0.22388086077651814,1
zero_volume,INFO,TATACONSUM.NS,,5 bar(s) with zero volume (0.17% of the series). A single one is usually a halt; a large fraction means the name was not reliably tradeable.,,5
zero_volume,INFO,TATAELXSI.NS,,5 bar(s) with zero volume (0.17% of the series). A single one is usually a halt; a large fraction means the name was not reliably tradeable.,,5
zero_volume,INFO,TATAPOWER.NS,,5 bar(s) with zero volume (0.17% of the series). A single one is usually a halt; a large fraction means the name was not reliably tradeable.,,5
zero_volume,INFO,TATASTEEL.NS,,5 bar(s) with zero volume (0.17% of the series). A single one is usually a halt; a large fraction means the name was not reliably tradeable.,,5
zero_volume,INFO,TCS.NS,,5 bar(s) with zero volume (0.17% of the series). A single one is usually a halt; a large fraction means the name was not reliably tradeable.,,5
zero_volume,INFO,TECHM.NS,,5 bar(s) with zero volume (0.17% of the series). A single one is usually a halt; a large fraction means the name was not reliably tradeable.,,5
zero_volume,INFO,TIINDIA.NS,,5 bar(s) with zero volume (0.23% of the series). A single one is usually a halt; a large fraction means the name was not reliably tradeable.,,5
zero_volume,INFO,TITAN.NS,,5 bar(s) with zero volume (0.17% of the series). A single one is usually a halt; a large fraction means the name was not reliably tradeable.,,5
zero_volume,INFO,TMPV.NS,,5 bar(s) with zero volume (0.17% of the series). A single one is usually a halt; a large fraction means the name was not reliably tradeable.,,5
extreme_move,WARN,TMPV.NS,2021-10-13,"+20.4% single-day move with no corporate action reported nearby. Isolated --- only 8% of the universe moved more than 5% that day, which makes a name-specific event or a bad print more likely.",0.20446711784483895,1
extreme_move,WARN,TMPV.NS,2025-10-14,"-40.2% single-day move with no corporate action reported nearby. Isolated --- only 1% of the universe moved more than 5% that day, which makes a name-specific event or a bad print more likely.",-0.40151341323188616,1
zero_volume,INFO,TORNTPHARM.NS,,6 bar(s) with zero volume (0.21% of the series). A single one is usually a halt; a large fraction means the name was not reliably tradeable.,,6
zero_volume,INFO,TRENT.NS,,5 bar(s) with zero volume (0.17% of the series). A single one is usually a halt; a large fraction means the name was not reliably tradeable.,,5
extreme_move,WARN,TRENT.NS,2026-01-01,"-33.0% single-day move with no corporate action reported nearby. Isolated --- only 2% of the universe moved more than 5% that day, which makes a name-specific event or a bad print more likely.",-0.33046661612307193,1
zero_volume,INFO,TVSMOTOR.NS,,5 bar(s) with zero volume (0.17% of the series). A single one is usually a halt; a large fraction means the name was not reliably tradeable.,,5
zero_volume,INFO,ULTRACEMCO.NS,,5 bar(s) with zero volume (0.17% of the series). A single one is usually a halt; a large fraction means the name was not reliably tradeable.,,5
zero_volume,INFO,UNIONBANK.NS,,5 bar(s) with zero volume (0.17% of the series). A single one is usually a halt; a large fraction means the name was not reliably tradeable.,,5
extreme_move,INFO,UNIONBANK.NS,2017-10-25,"+34.2% single-day move with no corporate action reported nearby. 14% of the universe also moved more than 5% that day, so this is a market-wide move rather than a name-specific one.",0.3417048039640338,1
zero_volume,INFO,UNITDSPR.NS,,8 bar(s) with zero volume (0.28% of the series). A single one is usually a halt; a large fraction means the name was not reliably tradeable.,,8
zero_volume,INFO,UPL.NS,,5 bar(s) with zero volume (0.17% of the series). A single one is usually a halt; a large fraction means the name was not reliably tradeable.,,5
zero_volume,INFO,VBL.NS,,5 bar(s) with zero volume (0.21% of the series). A single one is usually a halt; a large fraction means the name was not reliably tradeable.,,5
zero_volume,INFO,VEDL.NS,,5 bar(s) with zero volume (0.17% of the series). A single one is usually a halt; a large fraction means the name was not reliably tradeable.,,5
extreme_move,WARN,VEDL.NS,2020-10-12,"-20.4% single-day move with no corporate action reported nearby. Isolated --- only 4% of the universe moved more than 5% that day, which makes a name-specific event or a bad print more likely.",-0.20434962525803602,1
extreme_move,WARN,VEDL.NS,2026-04-30,"-64.9% single-day move with no corporate action reported nearby. Isolated --- only 2% of the universe moved more than 5% that day, which makes a name-specific event or a bad print more likely.",-0.6489788051152765,1
zero_volume,INFO,VOLTAS.NS,,5 bar(s) with zero volume (0.17% of the series). A single one is usually a halt; a large fraction means the name was not reliably tradeable.,,5
zero_volume,INFO,WIPRO.NS,,5 bar(s) with zero volume (0.17% of the series). A single one is usually a halt; a large fraction means the name was not reliably tradeable.,,5
zero_volume,INFO,YESBANK.NS,,5 bar(s) with zero volume (0.17% of the series). A single one is usually a halt; a large fraction means the name was not reliably tradeable.,,5
extreme_move,INFO,YESBANK.NS,2018-09-21,"-29.0% single-day move with no corporate action reported nearby. 10% of the universe also moved more than 5% that day, so this is a market-wide move rather than a name-specific one.",-0.290413560971002,1
extreme_move,WARN,YESBANK.NS,2019-02-14,"+28.1% single-day move with no corporate action reported nearby. Isolated --- only 10% of the universe moved more than 5% that day, which makes a name-specific event or a bad print more likely.",0.28149439804008725,1
extreme_move,WARN,YESBANK.NS,2019-04-30,"-29.2% single-day move with no corporate action reported nearby. Isolated --- only 5% of the universe moved more than 5% that day, which makes a name-specific event or a bad print more likely.",-0.2917369217476923,1
extreme_move,INFO,YESBANK.NS,2019-10-01,"-22.7% single-day move with no corporate action reported nearby. 10% of the universe also moved more than 5% that day, so this is a market-wide move rather than a name-specific one.",-0.22705316858510305,1
extreme_move,WARN,YESBANK.NS,2019-10-03,"+32.8% single-day move with no corporate action reported nearby. Isolated --- only 3% of the universe moved more than 5% that day, which makes a name-specific event or a bad print more likely.",0.328125,1
extreme_move,WARN,YESBANK.NS,2019-10-31,"+23.9% single-day move with no corporate action reported nearby. Isolated --- only 5% of the universe moved more than 5% that day, which makes a name-specific event or a bad print more likely.",0.2394366632305287,1
extreme_move,WARN,YESBANK.NS,2020-03-05,"+25.6% single-day move with no corporate action reported nearby. Isolated --- only 3% of the universe moved more than 5% that day, which makes a name-specific event or a bad print more likely.",0.2559727029109786,1
extreme_move,WARN,YESBANK.NS,2020-03-06,"-56.1% single-day move with no corporate action reported nearby. 17% of the universe also moved more than 5% that day, so this is a market-wide move rather than a name-specific one.",-0.5611413056154106,1
extreme_move,INFO,YESBANK.NS,2020-03-09,"+31.6% single-day move with no corporate action reported nearby. 43% of the universe also moved more than 5% that day, so this is a market-wide move rather than a name-specific one.",0.3157895047637067,1
extreme_move,WARN,YESBANK.NS,2020-03-11,"+35.5% single-day move with no corporate action reported nearby. Isolated --- only 8% of the universe moved more than 5% that day, which makes a name-specific event or a bad print more likely.",0.35529408174402577,1
extreme_move,INFO,YESBANK.NS,2020-03-16,"+45.2% single-day move with no corporate action reported nearby. 58% of the universe also moved more than 5% that day, so this is a market-wide move rather than a name-specific one.",0.45205477815855066,1
extreme_move,WARN,YESBANK.NS,2020-03-17,"+58.1% single-day move with no corporate action reported nearby. 24% of the universe also moved more than 5% that day, so this is a market-wide move rather than a name-specific one.",0.5808626398405354,1
zero_volume,INFO,ZYDUSLIFE.NS,,11 bar(s) with zero volume (0.38% of the series). A single one is usually a halt; a large fraction means the name was not reliably tradeable.,,11
padded_session,WARN,,2025-03-18,"only 1 of 167 listed tickers traded and only 1 moved at all. This is a PARTIAL provider failure rather than a clean holiday: most names got a padded row while a few got real data, so the date looks like a thin session instead of an absent one. NOT DELETED --- the date is excluded from the inferred session calendar, and downstream stages should drop it before computing returns. Left in place it inserts a zero return into nearly every series, which biases volatility down and makes every spread look flatter, and therefore more mean-reverting, than it is.",0.005988023952095809,167
padded_session,WARN,,2026-01-15,"no listed ticker traded and none moved: an exchange holiday the provider filled with a carried-forward close and zero volume. NOT DELETED --- the date is excluded from the inferred session calendar, and downstream stages should drop it before computing returns. Left in place it inserts a zero return into nearly every series, which biases volatility down and makes every spread look flatter, and therefore more mean-reverting, than it is.",0.0,162
padded_session,WARN,,2026-05-01,"no listed ticker traded and none moved: an exchange holiday the provider filled with a carried-forward close and zero volume. NOT DELETED --- the date is excluded from the inferred session calendar, and downstream stages should drop it before computing returns. Left in place it inserts a zero return into nearly every series, which biases volatility down and makes every spread look flatter, and therefore more mean-reverting, than it is.",0.0,161
padded_session,WARN,,2026-05-28,"no listed ticker traded and none moved: an exchange holiday the provider filled with a carried-forward close and zero volume. NOT DELETED --- the date is excluded from the inferred session calendar, and downstream stages should drop it before computing returns. Left in place it inserts a zero return into nearly every series, which biases volatility down and makes every spread look flatter, and therefore more mean-reverting, than it is.",0.0,167
padded_session,WARN,,2026-06-26,"no listed ticker traded and none moved: an exchange holiday the provider filled with a carried-forward close and zero volume. NOT DELETED --- the date is excluded from the inferred session calendar, and downstream stages should drop it before computing returns. Left in place it inserts a zero return into nearly every series, which biases volatility down and makes every spread look flatter, and therefore more mean-reverting, than it is.",0.0,167
