symbol,first,last,n_sessions,n_observed,coverage,n_traded,n_zero_volume,tradeable_coverage,n_missing,max_gap,n_gaps
ABCAPITAL.NS,2017-09-01,2026-07-31,2200,2200,1.0,2200,0,1.0,0,0,0
ADANIENSOL.NS,2015-07-31,2026-07-31,2713,2713,1.0,2712,1,0.9996314043494287,0,0,0
ADANIENT.NS,2015-01-01,2026-07-31,2857,2857,1.0,2857,0,1.0,0,0,0
ADANIGREEN.NS,2018-06-18,2026-07-31,2003,2003,1.0,2003,0,1.0,0,0,0
ADANIPORTS.NS,2015-01-01,2026-07-31,2857,2857,1.0,2856,1,0.999649982499125,0,0,0
ADANIPOWER.NS,2015-01-01,2026-07-31,2857,2857,1.0,2857,0,1.0,0,0,0
ALKEM.NS,2015-12-23,2026-07-31,2617,2617,1.0,2617,0,1.0,0,0,0
AMBUJACEM.NS,2015-01-01,2026-07-31,2857,2857,1.0,2857,0,1.0,0,0,0
ANGELONE.NS,2020-10-05,2026-07-31,1439,1439,1.0,1438,1,0.9993050729673384,0,0,0
APOLLOHOSP.NS,2015-01-01,2026-07-31,2857,2857,1.0,2857,0,1.0,0,0,0
ASHOKLEY.NS,2015-01-01,2026-07-31,2857,2857,1.0,2857,0,1.0,0,0,0
ASIANPAINT.NS,2015-01-01,2026-07-31,2857,2857,1.0,2857,0,1.0,0,0,0
AUBANK.NS,2017-07-11,2026-07-31,2236,2236,1.0,2236,0,1.0,0,0,0
AUROPHARMA.NS,2015-01-01,2026-07-31,2857,2857,1.0,2857,0,1.0,0,0,0
AXISBANK.NS,2015-01-01,2026-07-31,2857,2857,1.0,2857,0,1.0,0,0,0
BAJAJ-AUTO.NS,2015-01-01,2026-07-31,2857,2857,1.0,2856,1,0.999649982499125,0,0,0
BAJAJFINSV.NS,2015-01-01,2026-07-31,2857,2857,1.0,2857,0,1.0,0,0,0
BAJFINANCE.NS,2015-01-01,2026-07-31,2857,2857,1.0,2857,0,1.0,0,0,0
BANDHANBNK.NS,2018-03-27,2026-07-31,2059,2059,1.0,2059,0,1.0,0,0,0
BANKBARODA.NS,2015-01-01,2026-07-31,2857,2857,1.0,2857,0,1.0,0,0,0
BANKINDIA.NS,2015-01-01,2026-07-31,2857,2857,1.0,2857,0,1.0,0,0,0
BDL.NS,2018-03-23,2026-07-31,2061,2061,1.0,2061,0,1.0,0,0,0
BEL.NS,2015-01-01,2026-07-31,2857,2857,1.0,2857,0,1.0,0,0,0
BHARATFORG.NS,2015-01-01,2026-07-31,2857,2857,1.0,2857,0,1.0,0,0,0
BHARTIARTL.NS,2015-01-01,2026-07-31,2857,2857,1.0,2857,0,1.0,0,0,0
BHEL.NS,2015-01-01,2026-07-31,2857,2857,1.0,2857,0,1.0,0,0,0
BIOCON.NS,2015-01-01,2026-07-31,2857,2857,1.0,2857,0,1.0,0,0,0
BOSCHLTD.NS,2015-01-01,2026-07-31,2857,2857,1.0,2857,0,1.0,0,0,0
BPCL.NS,2015-01-01,2026-07-31,2857,2857,1.0,2857,0,1.0,0,0,0
BRITANNIA.NS,2015-01-01,2026-07-31,2857,2857,1.0,2852,5,0.9982499124956248,0,0,0
BSE.NS,2017-02-03,2026-07-31,2342,2342,1.0,2342,0,1.0,0,0,0
CAMS.NS,2020-10-05,2026-07-31,1439,1439,1.0,1438,1,0.9993050729673384,0,0,0
CANBK.NS,2015-01-01,2026-07-31,2857,2857,1.0,2857,0,1.0,0,0,0
CDSL.NS,2017-06-30,2026-07-31,2243,2243,1.0,2243,0,1.0,0,0,0
CGPOWER.NS,2015-01-01,2026-07-31,2857,2857,1.0,2857,0,1.0,0,0,0
CHOLAFIN.NS,2015-01-01,2026-07-31,2857,2857,1.0,2857,0,1.0,0,0,0
CIPLA.NS,2015-01-01,2026-07-31,2857,2857,1.0,2857,0,1.0,0,0,0
COALINDIA.NS,2015-01-01,2026-07-31,2857,2857,1.0,2857,0,1.0,0,0,0
COFORGE.NS,2015-01-01,2026-07-31,2857,2857,1.0,2857,0,1.0,0,0,0
COLPAL.NS,2015-01-01,2026-07-31,2857,2857,1.0,2857,0,1.0,0,0,0
CONCOR.NS,2015-01-01,2026-07-31,2857,2857,1.0,2857,0,1.0,0,0,0
CROMPTON.NS,2016-05-13,2026-07-31,2523,2523,1.0,2523,0,1.0,0,0,0
CUMMINSIND.NS,2015-01-01,2026-07-31,2857,2857,1.0,2857,0,1.0,0,0,0
DABUR.NS,2015-01-01,2026-07-31,2857,2857,1.0,2857,0,1.0,0,0,0
DALBHARAT.NS,2018-12-21,2026-07-31,1877,1877,1.0,1864,13,0.9930740543420352,0,0,0
DIVISLAB.NS,2015-01-01,2026-07-31,2857,2857,1.0,2857,0,1.0,0,0,0
DIXON.NS,2017-09-18,2026-07-31,2189,2189,1.0,2189,0,1.0,0,0,0
DLF.NS,2015-01-01,2026-07-31,2857,2857,1.0,2851,6,0.9978998949947497,0,0,0
DMART.NS,2017-03-21,2026-07-31,2312,2312,1.0,2312,0,1.0,0,0,0
DRREDDY.NS,2015-01-01,2026-07-31,2857,2857,1.0,2857,0,1.0,0,0,0
EICHERMOT.NS,2015-01-01,2026-07-31,2857,2857,1.0,2857,0,1.0,0,0,0
ETERNAL.NS,2021-07-23,2026-07-31,1240,1240,1.0,1237,3,0.9975806451612903,0,0,0
FEDERALBNK.NS,2015-01-01,2026-07-31,2857,2857,1.0,2857,0,1.0,0,0,0
FORTIS.NS,2015-01-01,2026-07-31,2857,2857,1.0,2856,1,0.999649982499125,0,0,0
GAIL.NS,2015-01-01,2026-07-31,2857,2857,1.0,2857,0,1.0,0,0,0
GLENMARK.NS,2015-01-01,2026-07-31,2857,2857,1.0,2857,0,1.0,0,0,0
GMRAIRPORT.NS,2015-01-01,2026-07-31,2857,2857,1.0,2852,5,0.9982499124956248,0,0,0
GODREJCP.NS,2015-01-01,2026-07-31,2857,2857,1.0,2857,0,1.0,0,0,0
GODREJPROP.NS,2015-01-01,2026-07-31,2857,2857,1.0,2857,0,1.0,0,0,0
GRASIM.NS,2015-01-01,2026-07-31,2857,2857,1.0,2857,0,1.0,0,0,0
HAL.NS,2018-04-02,2026-07-31,2057,2057,1.0,2057,0,1.0,0,0,0
HAVELLS.NS,2015-01-01,2026-07-31,2857,2857,1.0,2857,0,1.0,0,0,0
HCLTECH.NS,2015-01-01,2026-07-31,2857,2857,1.0,2857,0,1.0,0,0,0
HDFCAMC.NS,2018-08-06,2026-07-31,1968,1968,1.0,1968,0,1.0,0,0,0
HDFCBANK.NS,2015-01-01,2026-07-31,2857,2857,1.0,2857,0,1.0,0,0,0
HDFCLIFE.NS,2017-11-17,2026-07-31,2147,2147,1.0,2147,0,1.0,0,0,0
HEROMOTOCO.NS,2015-01-01,2026-07-31,2857,2857,1.0,2857,0,1.0,0,0,0
HINDALCO.NS,2015-01-01,2026-07-31,2857,2857,1.0,2857,0,1.0,0,0,0
HINDPETRO.NS,2015-01-01,2026-07-31,2857,2857,1.0,2857,0,1.0,0,0,0
HINDUNILVR.NS,2015-01-01,2026-07-31,2857,2857,1.0,2857,0,1.0,0,0,0
HINDZINC.NS,2015-01-01,2026-07-31,2857,2857,1.0,2857,0,1.0,0,0,0
ICICIBANK.NS,2015-01-01,2026-07-31,2857,2857,1.0,2857,0,1.0,0,0,0
ICICIGI.NS,2017-09-27,2026-07-31,2182,2182,1.0,2182,0,1.0,0,0,0
ICICIPRULI.NS,2016-09-29,2026-07-31,2428,2428,1.0,2428,0,1.0,0,0,0
IDEA.NS,2015-01-01,2026-07-31,2857,2857,1.0,2857,0,1.0,0,0,0
IDFCFIRSTB.NS,2015-11-06,2026-07-31,2647,2647,1.0,2641,6,0.9977332829618436,0,0,0
IEX.NS,2017-10-23,2026-07-31,2166,2166,1.0,2166,0,1.0,0,0,0
INDHOTEL.NS,2015-01-01,2026-07-31,2857,2857,1.0,2857,0,1.0,0,0,0
INDIANB.NS,2015-01-01,2026-07-31,2857,2857,1.0,2857,0,1.0,0,0,0
INDIGO.NS,2015-11-10,2026-07-31,2645,2645,1.0,2645,0,1.0,0,0,0
INDUSINDBK.NS,2015-01-01,2026-07-31,2857,2857,1.0,2857,0,1.0,0,0,0
INDUSTOWER.NS,2015-01-01,2026-07-31,2857,2857,1.0,2856,1,0.999649982499125,0,0,0
INFY.NS,2015-01-01,2026-07-31,2857,2857,1.0,2857,0,1.0,0,0,0
IOC.NS,2015-01-01,2026-07-31,2857,2857,1.0,2857,0,1.0,0,0,0
IRFC.NS,2021-01-29,2026-07-31,1358,1358,1.0,1357,1,0.9992636229749632,0,0,0
ITC.NS,2015-01-01,2026-07-31,2857,2857,1.0,2857,0,1.0,0,0,0
JINDALSTEL.NS,2015-01-01,2026-07-31,2857,2857,1.0,2857,0,1.0,0,0,0
JSWENERGY.NS,2015-01-01,2026-07-31,2857,2857,1.0,2857,0,1.0,0,0,0
JSWSTEEL.NS,2015-01-01,2026-07-31,2857,2857,1.0,2852,5,0.9982499124956248,0,0,0
JUBLFOOD.NS,2015-01-01,2026-07-31,2857,2857,1.0,2857,0,1.0,0,0,0
KALYANKJIL.NS,2021-03-26,2026-07-31,1319,1319,1.0,1318,1,0.9992418498862775,0,0,0
KOTAKBANK.NS,2015-01-01,2026-07-31,2857,2857,1.0,2857,0,1.0,0,0,0
KPITTECH.NS,2019-04-22,2026-07-31,1798,1798,1.0,1798,0,1.0,0,0,0
LAURUSLABS.NS,2016-12-19,2026-07-31,2375,2375,1.0,2375,0,1.0,0,0,0
LICHSGFIN.NS,2015-01-01,2026-07-31,2857,2857,1.0,2857,0,1.0,0,0,0
LODHA.NS,2021-04-19,2026-07-31,1306,1306,1.0,1305,1,0.9992343032159265,0,0,0
LT.NS,2015-01-01,2026-07-31,2857,2857,1.0,2857,0,1.0,0,0,0
LTF.NS,2015-01-01,2026-07-31,2857,2857,1.0,2857,0,1.0,0,0,0
LTM.NS,2016-07-21,2026-07-31,2475,2475,1.0,2472,3,0.9987878787878788,0,0,0
LUPIN.NS,2015-01-01,2026-07-31,2857,2857,1.0,2857,0,1.0,0,0,0
M&M.NS,2015-01-01,2026-07-31,2857,2857,1.0,2856,1,0.999649982499125,0,0,0
MANAPPURAM.NS,2015-01-01,2026-07-31,2857,2857,1.0,2857,0,1.0,0,0,0
MARICO.NS,2015-01-01,2026-07-31,2857,2857,1.0,2857,0,1.0,0,0,0
MARUTI.NS,2015-01-01,2026-07-31,2857,2857,1.0,2856,1,0.999649982499125,0,0,0
MAXHEALTH.NS,2020-08-21,2026-07-31,1469,1469,1.0,1469,0,1.0,0,0,0
MAZDOCK.NS,2020-10-12,2026-07-31,1434,1434,1.0,1433,1,0.999302649930265,0,0,0
MCX.NS,2015-01-01,2026-07-31,2857,2857,1.0,2857,0,1.0,0,0,0
MFSL.NS,2015-01-01,2026-07-31,2857,2857,1.0,2857,0,1.0,0,0,0
MOTHERSON.NS,2015-01-01,2026-07-31,2857,2857,1.0,2856,1,0.999649982499125,0,0,0
MPHASIS.NS,2015-01-01,2026-07-31,2857,2857,1.0,2857,0,1.0,0,0,0
MUTHOOTFIN.NS,2015-01-01,2026-07-31,2857,2857,1.0,2857,0,1.0,0,0,0
NAM-INDIA.NS,2017-11-06,2026-07-31,2156,2156,1.0,2155,1,0.9995361781076066,0,0,0
NATIONALUM.NS,2015-01-01,2026-07-31,2857,2857,1.0,2857,0,1.0,0,0,0
NAUKRI.NS,2015-01-01,2026-07-31,2857,2857,1.0,2856,1,0.999649982499125,0,0,0
NBCC.NS,2015-01-01,2026-07-31,2857,2857,1.0,2857,0,1.0,0,0,0
NESTLEIND.NS,2015-01-01,2026-07-31,2857,2857,1.0,2857,0,1.0,0,0,0
NMDC.NS,2015-01-01,2026-07-31,2857,2857,1.0,2857,0,1.0,0,0,0
NTPC.NS,2015-01-01,2026-07-31,2857,2857,1.0,2857,0,1.0,0,0,0
OBEROIRLTY.NS,2015-01-01,2026-07-31,2857,2857,1.0,2857,0,1.0,0,0,0
ONGC.NS,2015-01-01,2026-07-31,2857,2857,1.0,2857,0,1.0,0,0,0
PAGEIND.NS,2015-01-01,2026-07-31,2857,2857,1.0,2854,3,0.9989499474973749,0,0,0
PERSISTENT.NS,2015-01-01,2026-07-31,2857,2857,1.0,2857,0,1.0,0,0,0
PETRONET.NS,2015-01-01,2026-07-31,2857,2857,1.0,2857,0,1.0,0,0,0
PFC.NS,2015-01-01,2026-07-31,2857,2857,1.0,2857,0,1.0,0,0,0
PIDILITIND.NS,2015-01-01,2026-07-31,2857,2857,1.0,2857,0,1.0,0,0,0
PIIND.NS,2015-01-01,2026-07-31,2857,2857,1.0,2857,0,1.0,0,0,0
PNB.NS,2015-01-01,2026-07-31,2857,2857,1.0,2857,0,1.0,0,0,0
PNBHOUSING.NS,2016-11-07,2026-07-31,2404,2404,1.0,2388,16,0.9933444259567388,0,0,0
POLYCAB.NS,2019-04-16,2026-07-31,1800,1800,1.0,1795,5,0.9972222222222222,0,0,0
POWERGRID.NS,2015-01-01,2026-07-31,2857,2857,1.0,2857,0,1.0,0,0,0
RBLBANK.NS,2016-08-31,2026-07-31,2447,2447,1.0,2447,0,1.0,0,0,0
RECLTD.NS,2015-01-01,2026-07-31,2857,2857,1.0,2857,0,1.0,0,0,0
RELIANCE.NS,2015-01-01,2026-07-31,2857,2857,1.0,2857,0,1.0,0,0,0
RVNL.NS,2019-04-11,2026-07-31,1803,1803,1.0,1803,0,1.0,0,0,0
SAIL.NS,2015-01-01,2026-07-31,2857,2857,1.0,2857,0,1.0,0,0,0
SBICARD.NS,2020-03-16,2026-07-31,1577,1577,1.0,1577,0,1.0,0,0,0
SBILIFE.NS,2017-10-03,2026-07-31,2179,2179,1.0,2179,0,1.0,0,0,0
SBIN.NS,2015-01-01,2026-07-31,2857,2857,1.0,2857,0,1.0,0,0,0
SHREECEM.NS,2015-01-01,2026-07-31,2857,2857,1.0,2857,0,1.0,0,0,0
SHRIRAMFIN.NS,2015-01-01,2026-07-31,2857,2857,1.0,2852,5,0.9982499124956248,0,0,0
SIEMENS.NS,2015-01-01,2026-07-31,2857,2857,1.0,2857,0,1.0,0,0,0
SONACOMS.NS,2021-06-24,2026-07-31,1260,1260,1.0,1257,3,0.9976190476190476,0,0,0
SRF.NS,2015-01-01,2026-07-31,2857,2857,1.0,2857,0,1.0,0,0,0
SUNPHARMA.NS,2015-01-01,2026-07-31,2857,2857,1.0,2857,0,1.0,0,0,0
SUZLON.NS,2015-01-01,2026-07-31,2857,2857,1.0,2857,0,1.0,0,0,0
TATACONSUM.NS,2015-01-01,2026-07-31,2857,2857,1.0,2857,0,1.0,0,0,0
TATAELXSI.NS,2015-01-01,2026-07-31,2857,2857,1.0,2857,0,1.0,0,0,0
TATAPOWER.NS,2015-01-01,2026-07-31,2857,2857,1.0,2857,0,1.0,0,0,0
TATASTEEL.NS,2015-01-01,2026-07-31,2857,2857,1.0,2857,0,1.0,0,0,0
TCS.NS,2015-01-01,2026-07-31,2857,2857,1.0,2857,0,1.0,0,0,0
TECHM.NS,2015-01-01,2026-07-31,2857,2857,1.0,2857,0,1.0,0,0,0
TIINDIA.NS,2017-11-02,2026-07-31,2158,2158,1.0,2158,0,1.0,0,0,0
TITAN.NS,2015-01-01,2026-07-31,2857,2857,1.0,2857,0,1.0,0,0,0
TMPV.NS,2015-01-01,2026-07-31,2857,2857,1.0,2857,0,1.0,0,0,0
TORNTPHARM.NS,2015-01-01,2026-07-31,2857,2857,1.0,2856,1,0.999649982499125,0,0,0
TRENT.NS,2015-01-01,2026-07-31,2857,2857,1.0,2857,0,1.0,0,0,0
TVSMOTOR.NS,2015-01-01,2026-07-31,2857,2857,1.0,2857,0,1.0,0,0,0
ULTRACEMCO.NS,2015-01-01,2026-07-31,2857,2857,1.0,2857,0,1.0,0,0,0
UNIONBANK.NS,2015-01-01,2026-07-31,2857,2857,1.0,2857,0,1.0,0,0,0
UNITDSPR.NS,2015-01-01,2026-07-31,2857,2857,1.0,2854,3,0.9989499474973749,0,0,0
UPL.NS,2015-01-01,2026-07-31,2857,2857,1.0,2857,0,1.0,0,0,0
VBL.NS,2016-11-08,2026-07-31,2403,2403,1.0,2403,0,1.0,0,0,0
VEDL.NS,2015-01-01,2026-07-31,2857,2857,1.0,2857,0,1.0,0,0,0
VOLTAS.NS,2015-01-01,2026-07-31,2857,2857,1.0,2857,0,1.0,0,0,0
WIPRO.NS,2015-01-01,2026-07-31,2857,2857,1.0,2857,0,1.0,0,0,0
YESBANK.NS,2015-01-01,2026-07-31,2857,2857,1.0,2857,0,1.0,0,0,0
ZYDUSLIFE.NS,2015-01-01,2026-07-31,2857,2857,1.0,2851,6,0.9978998949947497,0,0,0
