symbol,sector,history_years,median_turnover_inr,missing_frac,last_price
360ONE.NS,Financial Services,6.286,721365461.0758667,0.0,1172.891357421875
ABB.NS,Capital Goods,11.001,1471653065.0214844,0.0,5095.42919921875
ABCAPITAL.NS,Financial Services,8.334,1007349230.6769638,0.0,361.95001220703125
ADANIENSOL.NS,Power,10.423,1269820557.888794,0.0,1046.4000244140625
ADANIENT.NS,Metals & Mining,11.001,2113142254.428955,0.0,2258.989990234375
ADANIGREEN.NS,Power,7.54,2258525796.875,0.0,1025.9000244140625
ADANIPORTS.NS,Services,11.001,2595280942.1085205,0.0,1474.8841552734375
ADANIPOWER.NS,Power,11.001,2189540297.9286575,0.0,148.75999450683594
ALKEM.NS,Healthcare,10.026,543024201.2441406,0.0,5410.12548828125
AMBER.NS,Consumer Durables,7.921,2387165671.823242,0.0,6447.5
AMBUJACEM.NS,Construction Materials,11.001,1037242925.933136,0.0,556.8934936523438
ANGELONE.NS,Financial Services,5.24,2234318328.4928894,0.0,231.80526733398438
APLAPOLLO.NS,Capital Goods,11.001,780044882.2661743,0.0,1970.0
APOLLOHOSP.NS,Healthcare,11.001,2363555576.5,0.0,7093.81298828125
ASHOKLEY.NS,Capital Goods,11.001,1451225161.2406082,0.0,181.77903747558594
ASIANPAINT.NS,Consumer Durables,11.001,2386253395.702759,0.0,2728.3291015625
ASTRAL.NS,Capital Goods,11.001,781780507.8623657,0.0,1432.646728515625
AUBANK.NS,Financial Services,8.476,1656591500.0619202,0.0,998.4803466796875
AUROPHARMA.NS,Healthcare,11.001,1054632612.4202881,0.0,1193.0
AXISBANK.NS,Financial Services,11.001,6630741236.445923,0.0,1273.41796875
BAJAJ-AUTO.NS,Automobile and Auto Components,11.001,2984251854.0,0.0,9425.3544921875
BAJAJFINSV.NS,Financial Services,11.001,2399066759.0637207,0.0,2035.2633056640625
BAJAJHLDNG.NS,Financial Services,11.001,676985883.0,0.0,11202.794921875
BAJFINANCE.NS,Financial Services,11.001,6925182686.854675,0.0,967.1546630859375
BANDHANBNK.NS,Financial Services,7.767,1034478656.2189941,0.0,142.94097900390625
BANKBARODA.NS,Financial Services,11.001,2062383054.4192123,0.0,291.3273010253906
BANKINDIA.NS,Financial Services,11.001,935905771.0896416,0.0,142.34031677246094
BDL.NS,Capital Goods,7.778,2199262899.7452393,0.0,1476.243896484375
BEL.NS,Capital Goods,11.001,5371076325.864899,0.0,395.47723388671875
BHARATFORG.NS,Automobile and Auto Components,11.001,1116308618.668213,0.0,1458.3031005859375
BHARTIARTL.NS,Telecommunication,11.001,9641916625.457031,0.0,2084.170166015625
BHEL.NS,Capital Goods,11.001,1990226386.4532547,0.0,290.51287841796875
BIOCON.NS,Healthcare,11.001,980506019.9495239,0.0,387.2868347167969
BLUESTARCO.NS,Consumer Durables,11.001,891530739.80896,0.0,1763.551025390625
BOSCHLTD.NS,Automobile and Auto Components,11.001,676283142.5,0.0,35903.734375
BPCL.NS,Oil Gas & Consumable Fuels,11.001,2181743540.4918976,0.0,371.0335998535156
BRITANNIA.NS,Fast Moving Consumer Goods,11.001,1547123109.3146973,0.0,5911.05517578125
BSE.NS,Financial Services,8.909,12365999216.028687,0.0,2621.0947265625
CAMS.NS,Financial Services,5.24,1436002545.921936,0.0,725.3854370117188
CANBK.NS,Financial Services,11.001,2550190323.9759636,0.0,149.314453125
CDSL.NS,Financial Services,8.507,4047382376.875,0.0,1433.127197265625
CGPOWER.NS,Capital Goods,11.001,1587416071.0535278,0.0,636.4951782226562
CHOLAFIN.NS,Financial Services,11.001,2242014636.847046,0.0,1722.0352783203125
CIPLA.NS,Healthcare,11.001,1824030412.0186768,0.0,1486.9501953125
COALINDIA.NS,Oil Gas & Consumable Fuels,11.001,2006129253.2142334,0.0,390.0150146484375
COCHINSHIP.NS,Capital Goods,8.392,1603245461.8710938,0.0,1618.843994140625
COFORGE.NS,Information Technology,11.001,3011321032.527649,0.0,1644.2403564453125
COLPAL.NS,Fast Moving Consumer Goods,11.001,1057036416.25,0.0,2069.405029296875
CONCOR.NS,Services,11.001,677779643.3380737,0.0,519.16455078125
CROMPTON.NS,Consumer Durables,9.637,669698095.3314056,0.0,246.28802490234375
CUMMINSIND.NS,Capital Goods,11.001,1675995344.6228027,0.0,4413.75439453125
DABUR.NS,Fast Moving Consumer Goods,11.001,1020119554.5091248,0.0,493.547119140625
DALBHARAT.NS,Construction Materials,7.031,541104295.600708,0.0,2129.957763671875
DELHIVERY.NS,Services,3.608,841569425.6184387,0.0,400.6000061035156
DIVISLAB.NS,Healthcare,11.001,2095532869.5,0.0,6317.94677734375
DIXON.NS,Consumer Durables,8.287,4637005943.192383,0.0,12091.0
DLF.NS,Realty,11.001,1977797918.615326,0.0,682.8271484375
DMART.NS,Consumer Services,8.783,1614707856.1801758,0.0,3716.10009765625
DRREDDY.NS,Healthcare,11.001,1865465435.9204712,0.0,1245.50146484375
EICHERMOT.NS,Automobile and Auto Components,11.001,2480821736.9418945,0.0,7271.85009765625
ETERNAL.NS,Consumer Services,4.444,9264840474.045792,0.0079,283.79998779296875
FEDERALBNK.NS,Financial Services,11.001,1387646555.12352,0.0,265.3434753417969
FORCEMOT.NS,Automobile and Auto Components,6.371,1096334474.5,0.0,20860.0
FORTIS.NS,Healthcare,11.001,1288955637.9906616,0.0,899.5956420898438
GAIL.NS,Oil Gas & Consumable Fuels,11.001,1820723178.3944702,0.0,166.5777587890625
GLENMARK.NS,Healthcare,11.001,1074421002.8851318,0.0,2026.199951171875
GMRAIRPORT.NS,Services,11.001,881714109.122757,0.0,105.5
GODFRYPHLP.NS,Fast Moving Consumer Goods,11.001,818198364.2318115,0.0,2257.478515625
GODREJCP.NS,Fast Moving Consumer Goods,11.001,1368491243.958374,0.0,1225.1265869140625
GODREJPROP.NS,Realty,11.001,1442597882.1520386,0.0,2005.6055908203125
GRASIM.NS,Construction Materials,11.001,1436082969.025879,0.0,2842.84375
GVT&D.NS,Capital Goods,11.001,939676376.9641113,0.0159,3156.686767578125
HAL.NS,Capital Goods,7.751,5554980592.078491,0.0,4352.84130859375
HAVELLS.NS,Consumer Durables,11.001,1136424576.7215576,0.0,1406.1685791015625
HCLTECH.NS,Information Technology,11.001,3885598373.404358,0.0,1576.1693115234375
HDFCAMC.NS,Financial Services,7.406,1854832804.0,0.0,2591.51806640625
HDFCBANK.NS,Financial Services,11.001,17113419993.399658,0.0,975.023681640625
HDFCLIFE.NS,Financial Services,8.123,1714613691.102478,0.0,747.43603515625
HEROMOTOCO.NS,Automobile and Auto Components,11.001,2676792233.9609375,0.0,5646.75732421875
HINDALCO.NS,Metals & Mining,11.001,3286859692.570862,0.0,890.3055419921875
HINDPETRO.NS,Oil Gas & Consumable Fuels,11.001,1661397463.1820984,0.0,474.1712646484375
HINDUNILVR.NS,Fast Moving Consumer Goods,11.001,3393144659.590576,0.0,2299.609375
HINDZINC.NS,Metals & Mining,11.001,997150048.9653625,0.0,600.9697265625
ICICIBANK.NS,Financial Services,11.001,12509593892.120361,0.0,1326.8143310546875
ICICIGI.NS,Financial Services,8.263,1041973874.5063477,0.0,1949.4979248046875
ICICIPRULI.NS,Financial Services,9.257,543951087.5882263,0.0,671.968017578125
IDEA.NS,Telecommunication,11.001,3464792627.427349,0.0,11.600000381469727
IDFCFIRSTB.NS,Financial Services,10.155,1552758985.2920341,0.0,85.35923767089844
IEX.NS,Financial Services,8.192,818247604.2967377,0.0,129.75289916992188
INDHOTEL.NS,Consumer Services,11.001,2022088465.544159,0.0,735.3251342773438
INDIANB.NS,Financial Services,11.001,996842786.898468,0.0,815.2333374023438
INDIGO.NS,Services,10.144,4439816813.358643,0.0,5110.5
INDUSINDBK.NS,Financial Services,11.001,3580846924.742737,0.0,888.760498046875
INDUSTOWER.NS,Telecommunication,11.001,2181733829.8216553,0.0,419.9937744140625
INFY.NS,Information Technology,11.001,11369964793.49707,0.0,1595.2791748046875
INOXWIND.NS,Capital Goods,10.732,941491319.1341324,0.0,122.8499984741211
IOC.NS,Oil Gas & Consumable Fuels,11.001,1554430335.0678864,0.0,162.3675079345703
IRFC.NS,Financial Services,4.923,1581364910.480877,0.0,124.46814727783203
ITC.NS,Fast Moving Consumer Goods,11.001,5150376881.942291,0.0,346.9295959472656
JINDALSTEL.NS,Metals & Mining,11.001,1425230076.7756348,0.0,1066.490234375
JSWENERGY.NS,Power,11.001,1411508196.143097,0.0,500.2984619140625
JSWSTEEL.NS,Metals & Mining,11.001,1568041507.1873474,0.0,1164.8094482421875
JUBLFOOD.NS,Consumer Services,11.001,952981166.7937622,0.0,551.5813598632812
KALYANKJIL.NS,Consumer Durables,4.769,2234433023.168152,0.0,484.20001220703125
KAYNES.NS,Capital Goods,3.11,3069788294.6313477,0.0,3943.5
KEI.NS,Capital Goods,11.001,1010957733.7113037,0.0,4509.1611328125
KFINTECH.NS,Financial Services,3.009,1139948919.7157593,0.0,1062.3160400390625
KOTAKBANK.NS,Financial Services,11.001,6597059295.343399,0.0,442.7955322265625
KPITTECH.NS,Information Technology,6.697,972451664.6462402,0.0,1150.838134765625
LAURUSLABS.NS,Healthcare,9.035,1300793188.7341309,0.0,1109.295654296875
LICHSGFIN.NS,Financial Services,11.001,717636456.4432983,0.0,525.3027954101562
LICI.NS,Financial Services,3.628,839602272.2774963,0.0,416.63360595703125
LODHA.NS,Realty,4.704,1332086676.0,0.0,1069.0443115234375
LT.NS,Construction,11.001,5658781458.450439,0.0,4100.35009765625
LTF.NS,Financial Services,11.001,1074462532.4733353,0.0,314.0169677734375
LTM.NS,Information Technology,9.448,1357179597.355957,0.0,6031.173828125
LUPIN.NS,Healthcare,11.001,1683620403.869812,0.0,2087.662841796875
M&M.NS,Automobile and Auto Components,11.001,7466756052.110352,0.004,3721.914306640625
MANAPPURAM.NS,Financial Services,11.001,1068544023.1536636,0.0,312.1739807128906
MARICO.NS,Fast Moving Consumer Goods,11.001,1218846009.129181,0.0,756.98828125
MARUTI.NS,Automobile and Auto Components,11.001,4439210024.152832,0.0,16541.869140625
MAXHEALTH.NS,Healthcare,5.363,2372856409.3152466,0.0,1047.538330078125
MAZDOCK.NS,Capital Goods,5.221,4931936394.453369,0.0,2464.558837890625
MCX.NS,Financial Services,11.001,3380626211.591797,0.0,2197.800048828125
MFSL.NS,Financial Services,11.001,895960511.2120972,0.0,1674.0
MOTHERSON.NS,Automobile and Auto Components,11.001,1605588746.1004295,0.0,121.92898559570312
MOTILALOFS.NS,Financial Services,11.001,1090836920.8856812,0.0,834.9110107421875
MPHASIS.NS,Information Technology,11.001,1177052490.8477783,0.0,2754.746337890625
MUTHOOTFIN.NS,Financial Services,11.001,1245395549.3579102,0.0,3806.8115234375
NAM-INDIA.NS,Financial Services,8.153,583926264.924408,0.0,865.599365234375
NATIONALUM.NS,Metals & Mining,11.001,1691689096.968132,0.0,308.38525390625
NAUKRI.NS,Consumer Services,11.001,1587563105.6850586,0.0,1333.842529296875
NBCC.NS,Construction,11.001,923389851.6088905,0.0,121.73983764648438
NESTLEIND.NS,Fast Moving Consumer Goods,11.001,1359920999.409851,0.0,1281.883544921875
NHPC.NS,Power,11.001,994962810.5901184,0.0,77.93501281738281
NMDC.NS,Metals & Mining,11.001,1336138908.3112907,0.0,81.19186401367188
NTPC.NS,Power,11.001,3112860975.5472717,0.0,333.780029296875
NYKAA.NS,Consumer Services,4.142,1100935024.2915497,0.0,265.75
OBEROIRLTY.NS,Realty,11.001,861514802.7293701,0.0,1689.6888427734375
OFSS.NS,Information Technology,11.001,1083134353.25,0.0,7473.396484375
OIL.NS,Oil Gas & Consumable Fuels,11.001,921215038.6076508,0.0,421.1095886230469
ONGC.NS,Oil Gas & Consumable Fuels,11.001,2162507209.3405304,0.0,232.4696044921875
PAGEIND.NS,Textiles,11.001,913469745.0,0.0,35182.8984375
PATANJALI.NS,Fast Moving Consumer Goods,11.001,1036204197.2210999,0.0,546.8954467773438
PAYTM.NS,Financial Services,4.12,4141276470.332489,0.0,1291.699951171875
PERSISTENT.NS,Information Technology,11.001,2256899061.5,0.0,6238.376953125
PETRONET.NS,Oil Gas & Consumable Fuels,11.001,541703246.4616547,0.0,284.8143005371094
PFC.NS,Financial Services,11.001,2353736257.082306,0.0,353.4661865234375
PGEL.NS,Consumer Durables,11.001,1269536568.6853333,0.0,578.9500122070312
PHOENIXLTD.NS,Realty,11.001,859611564.8782349,0.0,1872.699951171875
PIDILITIND.NS,Chemicals,11.001,776168775.3272705,0.0,1458.7958984375
PIIND.NS,Chemicals,11.001,689705204.7471924,0.0,3202.324951171875
PNB.NS,Financial Services,11.001,1958971541.1729965,0.0,120.43788146972656
PNBHOUSING.NS,Financial Services,9.15,893793762.074707,0.0,978.9600830078125
POLICYBZR.NS,Financial Services,4.129,2231127646.2301025,0.0,1805.800048828125
POLYCAB.NS,Capital Goods,6.713,1750525201.665039,0.0,7636.76513671875
POWERGRID.NS,Power,11.001,3079299874.5747223,0.0,263.83807373046875
POWERINDIA.NS,Capital Goods,5.758,1655782173.0,0.0,18477.587890625
PRESTIGE.NS,Realty,11.001,994475115.1761475,0.0,1602.0831298828125
RADICO.NS,Fast Moving Consumer Goods,11.001,538082745.9106445,0.0,3246.6962890625
RBLBANK.NS,Financial Services,9.336,1588250089.0193176,0.0,314.48577880859375
RECLTD.NS,Financial Services,11.001,2524021787.80748,0.0,354.1167907714844
RELIANCE.NS,Oil Gas & Consumable Fuels,11.001,13900800136.756653,0.0,1568.3485107421875
RVNL.NS,Construction,6.727,1914318246.8592224,0.0,359.2486267089844
SAIL.NS,Metals & Mining,11.001,1614623831.8115501,0.0,148.4499969482422
SBICARD.NS,Financial Services,5.796,843561087.4256897,0.0,856.4993896484375
SBILIFE.NS,Financial Services,8.246,1580277688.78125,0.0,2037.5675048828125
SBIN.NS,Financial Services,11.001,7675796976.552185,0.0,967.3140869140625
SHREECEM.NS,Construction Materials,11.001,790721812.5,0.0,26765.427734375
SHRIRAMFIN.NS,Financial Services,11.001,3583634641.1658325,0.0,1013.96435546875
SIEMENS.NS,Capital Goods,11.001,1480466258.734253,0.0,3076.18359375
SOLARINDS.NS,Chemicals,11.001,1305168474.0,0.0,12158.81640625
SONACOMS.NS,Automobile and Auto Components,4.523,904179137.276001,0.0,471.3938293457031
SRF.NS,Chemicals,11.001,1335584324.1176758,0.0,3045.879638671875
SUNPHARMA.NS,Healthcare,11.001,3446724378.8652344,0.0,1705.5223388671875
SUPREMEIND.NS,Capital Goods,11.001,726231335.8560791,0.0,3459.93359375
SUZLON.NS,Capital Goods,11.001,3096323041.9018784,0.0,52.470001220703125
TATACONSUM.NS,Fast Moving Consumer Goods,11.001,1224386442.9613647,0.0,1167.0250244140625
TATAELXSI.NS,Information Technology,11.001,846424943.1606445,0.0,5119.68798828125
TATAPOWER.NS,Power,11.001,2022309427.743576,0.0,379.4984130859375
TATASTEEL.NS,Metals & Mining,11.001,3662512839.1816025,0.0,178.21470642089844
TCS.NS,Information Technology,11.001,8229302614.514893,0.0,3110.31884765625
TECHM.NS,Information Technology,11.001,2496966649.01947,0.0,1566.9786376953125
TIINDIA.NS,Automobile and Auto Components,8.164,738127074.4544678,0.0,2619.252685546875
TITAN.NS,Consumer Durables,11.001,2542286999.2144775,0.0,4036.056640625
TMPV.NS,Automobile and Auto Components,11.001,7018098522.922485,0.0,364.526123046875
TORNTPHARM.NS,Healthcare,11.001,838592466.4772949,0.0,3814.611328125
TRENT.NS,Consumer Services,11.001,4791148950.272949,0.0,2860.7060546875
TVSMOTOR.NS,Automobile and Auto Components,11.001,1888451728.809082,0.0,3781.18359375
ULTRACEMCO.NS,Construction Materials,11.001,2736442594.5844727,0.0,11662.9404296875
UNIONBANK.NS,Financial Services,11.001,1358372567.4304695,0.0,149.17564392089844
UNITDSPR.NS,Fast Moving Consumer Goods,11.001,1104061256.2225952,0.0,1387.19677734375
UNOMINDA.NS,Automobile and Auto Components,11.001,693077040.6189575,0.0,1283.76953125
UPL.NS,Chemicals,11.001,1279895102.8670044,0.0,797.6290893554688
VBL.NS,Fast Moving Consumer Goods,9.147,2838350446.562683,0.0,490.12359619140625
VEDL.NS,Metals & Mining,11.001,3655142256.7895203,0.0,592.7506103515625
VOLTAS.NS,Consumer Durables,11.001,1529795484.696167,0.0,1379.9649658203125
WIPRO.NS,Information Technology,11.001,2319209185.9039917,0.0,257.67852783203125
YESBANK.NS,Financial Services,11.001,1630027069.912548,0.0,21.489999771118164
ZYDUSLIFE.NS,Healthcare,11.001,809901063.4526978,0.0,914.2284545898438
